Name,Sample,Total,g2,g127,Total_indel,#1-Indel,#1-Reads(%),#2-Indel,#2-Reads(%),#3-Indel,#3-Reads(%),#4-Indel,#4-Reads(%),#5-Indel,#5-Reads(%),#6-Indel,#6-Reads(%),#7-Indel,#7-Reads(%),#8-Indel,#8-Reads(%),#9-Indel,#9-Reads(%),#10-Indel,#10-Reads(%),#11-Indel,#11-Reads(%),#12-Indel,#12-Reads(%),#13-Indel,#13-Reads(%),#14-Indel,#14-Reads(%),#15-Indel,#15-Reads(%),#16-Indel,#16-Reads(%),#17-Indel,#17-Reads(%),#18-Indel,#18-Reads(%),#19-Indel,#19-Reads(%),#20-Indel,#20-Reads(%),#21-Indel,#21-Reads(%),#22-Indel,#22-Reads(%),#23-Indel,#23-Reads(%),#24-Indel,#24-Reads(%),#25-Indel,#25-Reads(%),#26-Indel,#26-Reads(%),#27-Indel,#27-Reads(%),#28-Indel,#28-Reads(%),#29-Indel,#29-Reads(%),#30-Indel,#30-Reads(%),#31-Indel,#31-Reads(%),#32-Indel,#32-Reads(%),#33-Indel,#33-Reads(%),#34-Indel,#34-Reads(%),#35-Indel,#35-Reads(%),#36-Indel,#36-Reads(%),#37-Indel,#37-Reads(%),#38-Indel,#38-Reads(%),#39-Indel,#39-Reads(%),#40-Indel,#40-Reads(%),#41-Indel,#41-Reads(%),#42-Indel,#42-Reads(%),#43-Indel,#43-Reads(%),#44-Indel,#44-Reads(%),#45-Indel,#45-Reads(%),#46-Indel,#46-Reads(%),#47-Indel,#47-Reads(%),#48-Indel,#48-Reads(%),#49-Indel,#49-Reads(%),#50-Indel,#50-Reads(%),#51-Indel,#51-Reads(%),#52-Indel,#52-Reads(%),#53-Indel,#53-Reads(%),#54-Indel,#54-Reads(%),#55-Indel,#55-Reads(%),#56-Indel,#56-Reads(%),#57-Indel,#57-Reads(%),#58-Indel,#58-Reads(%),#59-Indel,#59-Reads(%),#60-Indel,#60-Reads(%),#61-Indel,#61-Reads(%),#62-Indel,#62-Reads(%),#63-Indel,#63-Reads(%),#64-Indel,#64-Reads(%),#65-Indel,#65-Reads(%),#66-Indel,#66-Reads(%),#67-Indel,#67-Reads(%),#68-Indel,#68-Reads(%),#69-Indel,#69-Reads(%),#70-Indel,#70-Reads(%),#71-Indel,#71-Reads(%),#72-Indel,#72-Reads(%),#73-Indel,#73-Reads(%),#74-Indel,#74-Reads(%),#75-Indel,#75-Reads(%),#76-Indel,#76-Reads(%),#77-Indel,#77-Reads(%),#78-Indel,#78-Reads(%),#79-Indel,#79-Reads(%),#80-Indel,#80-Reads(%),#81-Indel,#81-Reads(%),#82-Indel,#82-Reads(%),#83-Indel,#83-Reads(%),#84-Indel,#84-Reads(%),#85-Indel,#85-Reads(%),#86-Indel,#86-Reads(%),#87-Indel,#87-Reads(%),#88-Indel,#88-Reads(%),#89-Indel,#89-Reads(%),#90-Indel,#90-Reads(%),#91-Indel,#91-Reads(%),#92-Indel,#92-Reads(%),#93-Indel,#93-Reads(%),#94-Indel,#94-Reads(%),#95-Indel,#95-Reads(%),#96-Indel,#96-Reads(%),#97-Indel,#97-Reads(%),#98-Indel,#98-Reads(%),#99-Indel,#99-Reads(%),#100-Indel,#100-Reads(%),#101-Indel,#101-Reads(%),#102-Indel,#102-Reads(%),#103-Indel,#103-Reads(%),#104-Indel,#104-Reads(%),#105-Indel,#105-Reads(%),#106-Indel,#106-Reads(%),#107-Indel,#107-Reads(%),#108-Indel,#108-Reads(%),#109-Indel,#109-Reads(%),#110-Indel,#110-Reads(%),#111-Indel,#111-Reads(%),#112-Indel,#112-Reads(%),#113-Indel,#113-Reads(%),#114-Indel,#114-Reads(%),#115-Indel,#115-Reads(%),#116-Indel,#116-Reads(%),#117-Indel,#117-Reads(%),#118-Indel,#118-Reads(%),#119-Indel,#119-Reads(%),#120-Indel,#120-Reads(%),#121-Indel,#121-Reads(%),#122-Indel,#122-Reads(%),#123-Indel,#123-Reads(%),#124-Indel,#124-Reads(%),#125-Indel,#125-Reads(%),#126-Indel,#126-Reads(%),#127-Indel,#127-Reads(%),#128-Indel,#128-Reads(%),#129-Indel,#129-Reads(%),#130-Indel,#130-Reads(%),#131-Indel,#131-Reads(%),#132-Indel,#132-Reads(%),#133-Indel,#133-Reads(%),#134-Indel,#134-Reads(%),#135-Indel,#135-Reads(%),#136-Indel,#136-Reads(%),#137-Indel,#137-Reads(%),#138-Indel,#138-Reads(%),#139-Indel,#139-Reads(%),#140-Indel,#140-Reads(%),#141-Indel,#141-Reads(%),#142-Indel,#142-Reads(%),#143-Indel,#143-Reads(%),#144-Indel,#144-Reads(%),#145-Indel,#145-Reads(%),#146-Indel,#146-Reads(%),#147-Indel,#147-Reads(%),#148-Indel,#148-Reads(%),#149-Indel,#149-Reads(%),#150-Indel,#150-Reads(%),#151-Indel,#151-Reads(%),#152-Indel,#152-Reads(%),#153-Indel,#153-Reads(%),#154-Indel,#154-Reads(%),#155-Indel,#155-Reads(%),#156-Indel,#156-Reads(%),#157-Indel,#157-Reads(%),#158-Indel,#158-Reads(%),#159-Indel,#159-Reads(%),#160-Indel,#160-Reads(%),#161-Indel,#161-Reads(%),#162-Indel,#162-Reads(%),#163-Indel,#163-Reads(%),#164-Indel,#164-Reads(%),#165-Indel,#165-Reads(%),#166-Indel,#166-Reads(%),#167-Indel,#167-Reads(%),#168-Indel,#168-Reads(%),#169-Indel,#169-Reads(%),#170-Indel,#170-Reads(%),#171-Indel,#171-Reads(%),#172-Indel,#172-Reads(%),#173-Indel,#173-Reads(%),#174-Indel,#174-Reads(%),#175-Indel,#175-Reads(%),#176-Indel,#176-Reads(%),#177-Indel,#177-Reads(%),#178-Indel,#178-Reads(%),#179-Indel,#179-Reads(%),#180-Indel,#180-Reads(%),#181-Indel,#181-Reads(%),#182-Indel,#182-Reads(%),#183-Indel,#183-Reads(%),#184-Indel,#184-Reads(%),#185-Indel,#185-Reads(%),#186-Indel,#186-Reads(%),#187-Indel,#187-Reads(%),#188-Indel,#188-Reads(%),#189-Indel,#189-Reads(%),#190-Indel,#190-Reads(%),#191-Indel,#191-Reads(%),#192-Indel,#192-Reads(%),#193-Indel,#193-Reads(%),#194-Indel,#194-Reads(%),#195-Indel,#195-Reads(%),#196-Indel,#196-Reads(%),#197-Indel,#197-Reads(%),#198-Indel,#198-Reads(%),#199-Indel,#199-Reads(%),#200-Indel,#200-Reads(%),SNP_test,raw_wt_counter,0bp,In-frame,Out-of-frame,%g2,%g127
Miller-Plate70-A09,,2339,2264 (96.79%),2281 (97.52%),0.2%,0,2334 (99.8%),-1,5 (0.2%),NA,,NA,,NA,,NA,,NA,,NA,,NA,,NA,,NA,,NA,,NA,,NA,,NA,,NA,,NA,,NA,,NA,,NA,,NA,,NA,,NA,,NA,,NA,,NA,,NA,,NA,,NA,,NA,,NA,,NA,,NA,,NA,,NA,,NA,,NA,,NA,,NA,,NA,,NA,,NA,,NA,,NA,,NA,,NA,,NA,,NA,,NA,,NA,,NA,,NA,,NA,,NA,,NA,,NA,,NA,,NA,,NA,,NA,,NA,,NA,,NA,,NA,,NA,,NA,,NA,,NA,,NA,,NA,,NA,,NA,,NA,,NA,,NA,,NA,,NA,,NA,,NA,,NA,,NA,,NA,,NA,,NA,,NA,,NA,,NA,,NA,,NA,,NA,,NA,,NA,,NA,,NA,,NA,,NA,,NA,,NA,,NA,,NA,,NA,,NA,,NA,,NA,,NA,,NA,,NA,,NA,,NA,,NA,,NA,,NA,,NA,,NA,,NA,,NA,,NA,,NA,,NA,,NA,,NA,,NA,,NA,,NA,,NA,,NA,,NA,,NA,,NA,,NA,,NA,,NA,,NA,,NA,,NA,,NA,,NA,,NA,,NA,,NA,,NA,,NA,,NA,,NA,,NA,,NA,,NA,,NA,,NA,,NA,,NA,,NA,,NA,,NA,,NA,,NA,,NA,,NA,,NA,,NA,,NA,,NA,,NA,,NA,,NA,,NA,,NA,,NA,,NA,,NA,,NA,,NA,,NA,,NA,,NA,,NA,,NA,,NA,,NA,,NA,,NA,,NA,,NA,,NA,,NA,,NA,,NA,,NA,,NA,,NA,,NA,,NA,,NA,,NA,,NA,,NA,,NA,,NA,,NA,,NA,,0.98,2353 (1.0),99.8,0.0,0.2,96.79,97.52
Miller-Plate70-A10,,2685,2400 (89.39%),146 (5.44%),94.2%,1,452 (16.8%),-6,294 (10.9%),-7,209 (7.8%),-15,206 (7.7%),-2,193 (7.2%),-1,159 (5.9%),0,156 (5.8%),-3,93 (3.5%),-16,50 (1.9%),-12,43 (1.6%),-5,41 (1.5%),-10,40 (1.5%),-9,39 (1.5%),-4,38 (1.4%),-11,38 (1.4%),-13,37 (1.4%),-8,34 (1.3%),-14,32 (1.2%),-17,29 (1.1%),-21,25 (0.9%),-36,24 (0.9%),-27,20 (0.7%),2,19 (0.7%),-116,19 (0.7%),-20,14 (0.5%),-18,12 (0.4%),-23,11 (0.4%),-19,11 (0.4%),-25,9 (0.3%),-63,8 (0.3%),-52,7 (0.3%),-33,7 (0.3%),-28,6 (0.2%),-183,6 (0.2%),-39,6 (0.2%),-22,6 (0.2%),-29,6 (0.2%),-32,6 (0.2%),-168,5 (0.2%),-115,5 (0.2%),-101,5 (0.2%),-44,5 (0.2%),-35,5 (0.2%),-136,5 (0.2%),-80,4 (0.1%),-105,4 (0.1%),-40,4 (0.1%),-146,4 (0.1%),-140,4 (0.1%),-51,4 (0.1%),-95,4 (0.1%),-50,4 (0.1%),-26,4 (0.1%),-155,4 (0.1%),-54,4 (0.1%),-24,3 (0.1%),-214,3 (0.1%),-100,3 (0.1%),-211,3 (0.1%),7,3 (0.1%),-243,3 (0.1%),-149,3 (0.1%),-72,3 (0.1%),-103,3 (0.1%),-134,3 (0.1%),-104,3 (0.1%),-34,3 (0.1%),-156,3 (0.1%),-64,3 (0.1%),-57,3 (0.1%),-60,3 (0.1%),-47,2 (0.1%),-62,2 (0.1%),-161,2 (0.1%),-87,2 (0.1%),-133,2 (0.1%),-31,2 (0.1%),-215,2 (0.1%),-97,2 (0.1%),-225,2 (0.1%),-109,2 (0.1%),-185,2 (0.1%),-166,2 (0.1%),-67,2 (0.1%),-147,2 (0.1%),-189,2 (0.1%),-37,2 (0.1%),-110,2 (0.1%),-102,2 (0.1%),-83,2 (0.1%),-182,2 (0.1%),82,2 (0.1%),-61,2 (0.1%),-130,2 (0.1%),-137,2 (0.1%),-172,2 (0.1%),-71,2 (0.1%),-120,2 (0.1%),3,2 (0.1%),53,2 (0.1%),-170,2 (0.1%),-96,2 (0.1%),-48,2 (0.1%),-106,2 (0.1%),-49,2 (0.1%),-53,2 (0.1%),-85,2 (0.1%),6,2 (0.1%),-84,2 (0.1%),-41,2 (0.1%),51,2 (0.1%),-92,2 (0.1%),-30,2 (0.1%),-123,2 (0.1%),-132,2 (0.1%),68,1 (0.0%),-75,1 (0.0%),-118,1 (0.0%),-69,1 (0.0%),-98,1 (0.0%),-70,1 (0.0%),48,1 (0.0%),69,1 (0.0%),-122,1 (0.0%),9,1 (0.0%),38,1 (0.0%),-129,1 (0.0%),-158,1 (0.0%),56,1 (0.0%),-79,1 (0.0%),-43,1 (0.0%),-88,1 (0.0%),-138,1 (0.0%),-93,1 (0.0%),91,1 (0.0%),-55,1 (0.0%),37,1 (0.0%),-164,1 (0.0%),-112,1 (0.0%),-46,1 (0.0%),18,1 (0.0%),23,1 (0.0%),-126,1 (0.0%),-152,1 (0.0%),-68,1 (0.0%),57,1 (0.0%),-99,1 (0.0%),-77,1 (0.0%),-181,1 (0.0%),-56,1 (0.0%),105,1 (0.0%),73,1 (0.0%),84,1 (0.0%),33,1 (0.0%),62,1 (0.0%),-196,1 (0.0%),-76,1 (0.0%),-66,1 (0.0%),47,1 (0.0%),20,1 (0.0%),-131,1 (0.0%),-139,1 (0.0%),61,1 (0.0%),25,1 (0.0%),80,1 (0.0%),65,1 (0.0%),41,1 (0.0%),17,1 (0.0%),-94,1 (0.0%),35,1 (0.0%),-127,1 (0.0%),-58,1 (0.0%),-159,1 (0.0%),-59,1 (0.0%),-176,1 (0.0%),-141,1 (0.0%),-169,1 (0.0%),22,1 (0.0%),-157,1 (0.0%),78,1 (0.0%),42,1 (0.0%),-197,1 (0.0%),15,1 (0.0%),5,1 (0.0%),-145,1 (0.0%),NA,,NA,,NA,,NA,,NA,,NA,,NA,,NA,,NA,,NA,,NA,,NA,,NA,,NA,,NA,,0.96,2534 (1.1),5.8,32.4,61.8,89.39,5.44
Miller-Plate70-A11,,2707,2426 (89.62%),138 (5.10%),94.3%,1,481 (17.8%),-6,314 (11.6%),-15,222 (8.2%),-7,211 (7.8%),-2,209 (7.7%),0,153 (5.7%),-1,142 (5.2%),-3,87 (3.2%),-14,50 (1.8%),-10,50 (1.8%),-16,47 (1.7%),-8,44 (1.6%),-4,35 (1.3%),-11,33 (1.2%),-9,33 (1.2%),-12,32 (1.2%),-5,32 (1.2%),-17,28 (1.0%),-21,25 (0.9%),-13,25 (0.9%),-19,17 (0.6%),2,17 (0.6%),-18,16 (0.6%),-116,13 (0.5%),-23,12 (0.4%),-27,11 (0.4%),-33,10 (0.4%),-25,9 (0.3%),-158,8 (0.3%),-36,8 (0.3%),-28,7 (0.3%),-81,7 (0.3%),-24,7 (0.3%),-26,7 (0.3%),-32,7 (0.3%),-115,6 (0.2%),-30,6 (0.2%),-50,6 (0.2%),-149,6 (0.2%),-155,5 (0.2%),-216,5 (0.2%),-63,5 (0.2%),-44,5 (0.2%),-22,5 (0.2%),-105,4 (0.1%),-60,4 (0.1%),-52,4 (0.1%),-34,4 (0.1%),-37,4 (0.1%),-78,4 (0.1%),-80,4 (0.1%),-31,4 (0.1%),-53,4 (0.1%),-47,4 (0.1%),-213,3 (0.1%),-212,3 (0.1%),-75,3 (0.1%),-131,3 (0.1%),-135,3 (0.1%),4,3 (0.1%),-142,3 (0.1%),-119,3 (0.1%),-210,3 (0.1%),39,3 (0.1%),-66,3 (0.1%),-206,3 (0.1%),86,3 (0.1%),-191,3 (0.1%),-108,3 (0.1%),-95,3 (0.1%),-55,3 (0.1%),-49,3 (0.1%),-68,3 (0.1%),-151,3 (0.1%),-148,3 (0.1%),-20,3 (0.1%),-123,3 (0.1%),-39,3 (0.1%),-72,3 (0.1%),-51,2 (0.1%),-96,2 (0.1%),29,2 (0.1%),-38,2 (0.1%),-136,2 (0.1%),-29,2 (0.1%),-101,2 (0.1%),-205,2 (0.1%),59,2 (0.1%),-107,2 (0.1%),-109,2 (0.1%),-100,2 (0.1%),-129,2 (0.1%),-82,2 (0.1%),17,2 (0.1%),-120,2 (0.1%),19,2 (0.1%),-145,2 (0.1%),-152,2 (0.1%),50,2 (0.1%),-35,2 (0.1%),-126,2 (0.1%),46,2 (0.1%),-166,2 (0.1%),-59,2 (0.1%),-88,2 (0.1%),3,2 (0.1%),-143,2 (0.1%),-104,2 (0.1%),-93,2 (0.1%),62,2 (0.1%),-132,2 (0.1%),-40,2 (0.1%),-133,2 (0.1%),-84,2 (0.1%),-71,1 (0.0%),60,1 (0.0%),94,1 (0.0%),12,1 (0.0%),83,1 (0.0%),-220,1 (0.0%),-73,1 (0.0%),-157,1 (0.0%),-114,1 (0.0%),54,1 (0.0%),-79,1 (0.0%),-54,1 (0.0%),-62,1 (0.0%),68,1 (0.0%),87,1 (0.0%),-118,1 (0.0%),41,1 (0.0%),-58,1 (0.0%),-187,1 (0.0%),-138,1 (0.0%),-147,1 (0.0%),-137,1 (0.0%),67,1 (0.0%),-69,1 (0.0%),-209,1 (0.0%),9,1 (0.0%),64,1 (0.0%),76,1 (0.0%),-83,1 (0.0%),72,1 (0.0%),-91,1 (0.0%),-124,1 (0.0%),-102,1 (0.0%),7,1 (0.0%),82,1 (0.0%),-113,1 (0.0%),37,1 (0.0%),115,1 (0.0%),73,1 (0.0%),-48,1 (0.0%),-97,1 (0.0%),-189,1 (0.0%),-98,1 (0.0%),95,1 (0.0%),-134,1 (0.0%),-146,1 (0.0%),47,1 (0.0%),-99,1 (0.0%),27,1 (0.0%),58,1 (0.0%),33,1 (0.0%),-42,1 (0.0%),-125,1 (0.0%),-67,1 (0.0%),-57,1 (0.0%),-112,1 (0.0%),36,1 (0.0%),-46,1 (0.0%),-64,1 (0.0%),22,1 (0.0%),-90,1 (0.0%),84,1 (0.0%),-229,1 (0.0%),-106,1 (0.0%),NA,,NA,,NA,,NA,,NA,,NA,,NA,,NA,,NA,,NA,,NA,,NA,,NA,,NA,,NA,,NA,,NA,,NA,,NA,,NA,,NA,,NA,,0.97,2561 (1.1),5.7,32.1,62.2,89.62,5.10
Miller-Plate70-A12,,2427,2192 (90.32%),84 (3.46%),96.2%,1,424 (17.5%),-6,272 (11.2%),-2,236 (9.7%),-15,183 (7.5%),-7,171 (7.0%),-1,145 (6.0%),0,92 (3.8%),-3,87 (3.6%),-16,49 (2.0%),-8,44 (1.8%),-4,43 (1.8%),-5,41 (1.7%),-14,39 (1.6%),-13,32 (1.3%),-10,30 (1.2%),-11,27 (1.1%),-21,27 (1.1%),-12,26 (1.1%),-9,25 (1.0%),-17,24 (1.0%),-36,19 (0.8%),2,14 (0.6%),-116,14 (0.6%),-20,14 (0.6%),-24,12 (0.5%),-23,11 (0.5%),-33,10 (0.4%),-22,10 (0.4%),-18,9 (0.4%),-27,9 (0.4%),-39,8 (0.3%),-19,7 (0.3%),-25,6 (0.2%),-140,6 (0.2%),-137,6 (0.2%),-28,6 (0.2%),-112,5 (0.2%),-127,5 (0.2%),-80,5 (0.2%),-67,5 (0.2%),-53,5 (0.2%),-96,5 (0.2%),-202,5 (0.2%),-169,5 (0.2%),-168,5 (0.2%),-26,4 (0.2%),-30,4 (0.2%),-64,4 (0.2%),-210,4 (0.2%),-196,4 (0.2%),-50,4 (0.2%),-32,4 (0.2%),-177,3 (0.1%),-87,3 (0.1%),-151,3 (0.1%),-115,3 (0.1%),-188,3 (0.1%),-135,3 (0.1%),-31,3 (0.1%),-52,3 (0.1%),-43,3 (0.1%),-181,3 (0.1%),-51,3 (0.1%),-40,3 (0.1%),-63,3 (0.1%),-147,3 (0.1%),-236,3 (0.1%),-99,3 (0.1%),-81,3 (0.1%),-60,3 (0.1%),-42,2 (0.1%),-185,2 (0.1%),-142,2 (0.1%),-54,2 (0.1%),3,2 (0.1%),-72,2 (0.1%),-98,2 (0.1%),-139,2 (0.1%),41,2 (0.1%),-152,2 (0.1%),36,2 (0.1%),-29,2 (0.1%),-100,2 (0.1%),-117,2 (0.1%),-58,2 (0.1%),-46,2 (0.1%),-108,2 (0.1%),21,2 (0.1%),-220,2 (0.1%),-172,2 (0.1%),-105,2 (0.1%),25,2 (0.1%),-38,2 (0.1%),-69,2 (0.1%),-35,2 (0.1%),45,2 (0.1%),-161,2 (0.1%),-66,2 (0.1%),-109,2 (0.1%),-136,2 (0.1%),-222,2 (0.1%),-49,2 (0.1%),-145,2 (0.1%),77,2 (0.1%),-110,1 (0.0%),81,1 (0.0%),-141,1 (0.0%),-95,1 (0.0%),-153,1 (0.0%),-92,1 (0.0%),-179,1 (0.0%),-76,1 (0.0%),-186,1 (0.0%),90,1 (0.0%),-82,1 (0.0%),-189,1 (0.0%),7,1 (0.0%),-106,1 (0.0%),63,1 (0.0%),-89,1 (0.0%),-78,1 (0.0%),18,1 (0.0%),-104,1 (0.0%),82,1 (0.0%),39,1 (0.0%),60,1 (0.0%),-91,1 (0.0%),78,1 (0.0%),-47,1 (0.0%),-165,1 (0.0%),-102,1 (0.0%),-126,1 (0.0%),-130,1 (0.0%),-128,1 (0.0%),95,1 (0.0%),27,1 (0.0%),-164,1 (0.0%),-121,1 (0.0%),86,1 (0.0%),-107,1 (0.0%),-228,1 (0.0%),-83,1 (0.0%),37,1 (0.0%),44,1 (0.0%),-65,1 (0.0%),-114,1 (0.0%),-146,1 (0.0%),42,1 (0.0%),68,1 (0.0%),-158,1 (0.0%),-56,1 (0.0%),-34,1 (0.0%),-156,1 (0.0%),-144,1 (0.0%),-44,1 (0.0%),-167,1 (0.0%),-122,1 (0.0%),79,1 (0.0%),NA,,NA,,NA,,NA,,NA,,NA,,NA,,NA,,NA,,NA,,NA,,NA,,NA,,NA,,NA,,NA,,NA,,NA,,NA,,NA,,NA,,NA,,NA,,NA,,NA,,NA,,NA,,NA,,NA,,NA,,NA,,NA,,NA,,NA,,NA,,NA,,NA,,NA,,NA,,NA,,NA,,NA,,0.94,2311 (1.1),3.8,32.1,64.1,90.32,3.46
Miller-Plate70-B09,,2788,2669 (95.73%),2682 (96.20%),0.3%,0,2780 (99.7%),-1,7 (0.3%),1,1 (0.0%),NA,,NA,,NA,,NA,,NA,,NA,,NA,,NA,,NA,,NA,,NA,,NA,,NA,,NA,,NA,,NA,,NA,,NA,,NA,,NA,,NA,,NA,,NA,,NA,,NA,,NA,,NA,,NA,,NA,,NA,,NA,,NA,,NA,,NA,,NA,,NA,,NA,,NA,,NA,,NA,,NA,,NA,,NA,,NA,,NA,,NA,,NA,,NA,,NA,,NA,,NA,,NA,,NA,,NA,,NA,,NA,,NA,,NA,,NA,,NA,,NA,,NA,,NA,,NA,,NA,,NA,,NA,,NA,,NA,,NA,,NA,,NA,,NA,,NA,,NA,,NA,,NA,,NA,,NA,,NA,,NA,,NA,,NA,,NA,,NA,,NA,,NA,,NA,,NA,,NA,,NA,,NA,,NA,,NA,,NA,,NA,,NA,,NA,,NA,,NA,,NA,,NA,,NA,,NA,,NA,,NA,,NA,,NA,,NA,,NA,,NA,,NA,,NA,,NA,,NA,,NA,,NA,,NA,,NA,,NA,,NA,,NA,,NA,,NA,,NA,,NA,,NA,,NA,,NA,,NA,,NA,,NA,,NA,,NA,,NA,,NA,,NA,,NA,,NA,,NA,,NA,,NA,,NA,,NA,,NA,,NA,,NA,,NA,,NA,,NA,,NA,,NA,,NA,,NA,,NA,,NA,,NA,,NA,,NA,,NA,,NA,,NA,,NA,,NA,,NA,,NA,,NA,,NA,,NA,,NA,,NA,,NA,,NA,,NA,,NA,,NA,,NA,,NA,,NA,,NA,,NA,,NA,,NA,,NA,,NA,,NA,,NA,,NA,,NA,,NA,,NA,,NA,,NA,,NA,,NA,,NA,,NA,,1.00,2790 (1.0),99.7,0.0,0.3,95.73,96.20
Miller-Plate70-B10,,2573,2217 (86.16%),36 (1.40%),98.1%,1,361 (14.0%),-6,352 (13.7%),-15,228 (8.9%),-7,209 (8.1%),-2,180 (7.0%),-1,133 (5.2%),-3,91 (3.5%),0,50 (1.9%),-11,50 (1.9%),-16,50 (1.9%),-8,41 (1.6%),-9,40 (1.6%),-10,39 (1.5%),-4,37 (1.4%),-12,37 (1.4%),-13,35 (1.4%),-36,28 (1.1%),-5,25 (1.0%),-14,22 (0.9%),-17,21 (0.8%),-116,21 (0.8%),-21,18 (0.7%),2,13 (0.5%),-18,12 (0.5%),-234,12 (0.5%),-33,10 (0.4%),-87,9 (0.3%),-72,9 (0.3%),-53,9 (0.3%),-24,9 (0.3%),-25,9 (0.3%),-20,8 (0.3%),-80,8 (0.3%),-79,8 (0.3%),-139,8 (0.3%),-45,7 (0.3%),-22,7 (0.3%),-84,7 (0.3%),-153,7 (0.3%),-206,7 (0.3%),-222,6 (0.2%),-19,6 (0.2%),-109,6 (0.2%),-158,6 (0.2%),-78,6 (0.2%),-56,6 (0.2%),-27,6 (0.2%),-39,6 (0.2%),-35,5 (0.2%),-105,5 (0.2%),-30,5 (0.2%),-96,5 (0.2%),-157,5 (0.2%),-151,5 (0.2%),-63,5 (0.2%),-31,5 (0.2%),-143,5 (0.2%),-23,5 (0.2%),-166,4 (0.2%),-135,4 (0.2%),3,4 (0.2%),-165,4 (0.2%),-183,4 (0.2%),-51,4 (0.2%),-28,4 (0.2%),-190,4 (0.2%),-150,4 (0.2%),-29,4 (0.2%),-82,4 (0.2%),-52,4 (0.2%),-159,4 (0.2%),-224,4 (0.2%),-185,3 (0.1%),-140,3 (0.1%),-146,3 (0.1%),-107,3 (0.1%),-232,3 (0.1%),33,3 (0.1%),-188,3 (0.1%),-34,3 (0.1%),-163,3 (0.1%),18,3 (0.1%),-181,3 (0.1%),-67,3 (0.1%),8,3 (0.1%),-147,3 (0.1%),-126,3 (0.1%),-58,3 (0.1%),-44,3 (0.1%),-26,3 (0.1%),-68,2 (0.1%),-54,2 (0.1%),-47,2 (0.1%),-46,2 (0.1%),-200,2 (0.1%),-198,2 (0.1%),-66,2 (0.1%),-42,2 (0.1%),-88,2 (0.1%),-189,2 (0.1%),-142,2 (0.1%),-174,2 (0.1%),-177,2 (0.1%),-137,2 (0.1%),-48,2 (0.1%),-62,2 (0.1%),-207,2 (0.1%),-92,2 (0.1%),-212,2 (0.1%),-97,2 (0.1%),-167,2 (0.1%),-32,2 (0.1%),-75,2 (0.1%),-127,2 (0.1%),-136,2 (0.1%),-41,2 (0.1%),70,2 (0.1%),41,2 (0.1%),-95,2 (0.1%),-69,2 (0.1%),4,1 (0.0%),66,1 (0.0%),-134,1 (0.0%),51,1 (0.0%),-102,1 (0.0%),-204,1 (0.0%),-141,1 (0.0%),-76,1 (0.0%),48,1 (0.0%),92,1 (0.0%),-71,1 (0.0%),12,1 (0.0%),32,1 (0.0%),23,1 (0.0%),22,1 (0.0%),14,1 (0.0%),-120,1 (0.0%),-38,1 (0.0%),-124,1 (0.0%),-64,1 (0.0%),-216,1 (0.0%),-85,1 (0.0%),-115,1 (0.0%),-43,1 (0.0%),-81,1 (0.0%),54,1 (0.0%),75,1 (0.0%),-70,1 (0.0%),27,1 (0.0%),-121,1 (0.0%),15,1 (0.0%),53,1 (0.0%),37,1 (0.0%),65,1 (0.0%),83,1 (0.0%),-123,1 (0.0%),-122,1 (0.0%),-133,1 (0.0%),-149,1 (0.0%),-59,1 (0.0%),-176,1 (0.0%),-60,1 (0.0%),-93,1 (0.0%),-132,1 (0.0%),-73,1 (0.0%),-110,1 (0.0%),-50,1 (0.0%),-173,1 (0.0%),-55,1 (0.0%),6,1 (0.0%),61,1 (0.0%),-209,1 (0.0%),-213,1 (0.0%),-57,1 (0.0%),-40,1 (0.0%),28,1 (0.0%),-89,1 (0.0%),-242,1 (0.0%),-164,1 (0.0%),-203,1 (0.0%),-103,1 (0.0%),78,1 (0.0%),-217,1 (0.0%),-191,1 (0.0%),57,1 (0.0%),-98,1 (0.0%),-178,1 (0.0%),40,1 (0.0%),35,1 (0.0%),-100,1 (0.0%),-74,1 (0.0%),5,1 (0.0%),91,1 (0.0%),68,1 (0.0%),11,1 (0.0%),-160,1 (0.0%),-112,1 (0.0%),-138,1 (0.0%),NA,,NA,,0.93,2393 (1.1),1.9,39.1,59.0,86.16,1.40
Miller-Plate70-B11,,2641,2323 (87.96%),37 (1.40%),98.0%,-6,379 (14.4%),1,358 (13.6%),-7,255 (9.7%),-15,254 (9.6%),-2,169 (6.4%),-1,154 (5.8%),-3,84 (3.2%),-16,66 (2.5%),0,54 (2.0%),-10,44 (1.7%),-8,43 (1.6%),-13,42 (1.6%),-11,37 (1.4%),-4,36 (1.4%),-14,34 (1.3%),-12,33 (1.2%),-9,30 (1.1%),-5,29 (1.1%),-21,25 (0.9%),-116,19 (0.7%),-18,16 (0.6%),-36,16 (0.6%),-17,16 (0.6%),-27,14 (0.5%),-20,12 (0.5%),2,12 (0.5%),-146,11 (0.4%),-39,10 (0.4%),-22,9 (0.3%),3,9 (0.3%),-87,8 (0.3%),-80,7 (0.3%),-149,7 (0.3%),-63,7 (0.3%),-28,7 (0.3%),-140,7 (0.3%),-95,6 (0.2%),-35,6 (0.2%),-23,6 (0.2%),-30,6 (0.2%),-126,6 (0.2%),-24,6 (0.2%),-25,5 (0.2%),-96,5 (0.2%),-72,5 (0.2%),-256,5 (0.2%),-153,5 (0.2%),-60,5 (0.2%),-196,5 (0.2%),-52,4 (0.2%),-113,4 (0.2%),-193,4 (0.2%),-147,4 (0.2%),-166,4 (0.2%),-207,4 (0.2%),-75,4 (0.2%),-225,4 (0.2%),-129,4 (0.2%),-29,4 (0.2%),-81,4 (0.2%),-78,4 (0.2%),-76,3 (0.1%),-112,3 (0.1%),-84,3 (0.1%),-123,3 (0.1%),-224,3 (0.1%),-132,3 (0.1%),-165,3 (0.1%),-19,3 (0.1%),-180,3 (0.1%),-148,3 (0.1%),-50,3 (0.1%),-143,3 (0.1%),-71,3 (0.1%),-33,3 (0.1%),-200,3 (0.1%),-184,2 (0.1%),-150,2 (0.1%),-138,2 (0.1%),-51,2 (0.1%),-31,2 (0.1%),-154,2 (0.1%),-174,2 (0.1%),-202,2 (0.1%),-172,2 (0.1%),-100,2 (0.1%),-176,2 (0.1%),-216,2 (0.1%),-93,2 (0.1%),-170,2 (0.1%),-66,2 (0.1%),-177,2 (0.1%),-160,2 (0.1%),-209,2 (0.1%),-186,2 (0.1%),-79,2 (0.1%),72,2 (0.1%),87,2 (0.1%),-164,2 (0.1%),-115,2 (0.1%),63,2 (0.1%),-32,2 (0.1%),-41,2 (0.1%),-88,2 (0.1%),-121,2 (0.1%),-127,2 (0.1%),-135,2 (0.1%),-179,2 (0.1%),-128,2 (0.1%),-73,2 (0.1%),-92,2 (0.1%),58,2 (0.1%),-145,2 (0.1%),-90,2 (0.1%),36,2 (0.1%),-57,2 (0.1%),-48,2 (0.1%),-168,2 (0.1%),-104,2 (0.1%),-102,2 (0.1%),-54,2 (0.1%),-136,2 (0.1%),62,2 (0.1%),-85,2 (0.1%),-212,2 (0.1%),-42,2 (0.1%),-59,2 (0.1%),-158,2 (0.1%),-40,1 (0.0%),73,1 (0.0%),-53,1 (0.0%),-169,1 (0.0%),-58,1 (0.0%),-77,1 (0.0%),98,1 (0.0%),-26,1 (0.0%),75,1 (0.0%),-118,1 (0.0%),59,1 (0.0%),-86,1 (0.0%),77,1 (0.0%),-133,1 (0.0%),-181,1 (0.0%),-38,1 (0.0%),-91,1 (0.0%),25,1 (0.0%),-152,1 (0.0%),61,1 (0.0%),83,1 (0.0%),-213,1 (0.0%),-108,1 (0.0%),44,1 (0.0%),66,1 (0.0%),-67,1 (0.0%),-175,1 (0.0%),4,1 (0.0%),-185,1 (0.0%),-163,1 (0.0%),5,1 (0.0%),-74,1 (0.0%),-99,1 (0.0%),-189,1 (0.0%),-187,1 (0.0%),-141,1 (0.0%),21,1 (0.0%),39,1 (0.0%),43,1 (0.0%),-82,1 (0.0%),-117,1 (0.0%),32,1 (0.0%),-44,1 (0.0%),-198,1 (0.0%),-109,1 (0.0%),54,1 (0.0%),10,1 (0.0%),-192,1 (0.0%),-134,1 (0.0%),41,1 (0.0%),-120,1 (0.0%),-159,1 (0.0%),-156,1 (0.0%),14,1 (0.0%),-37,1 (0.0%),-137,1 (0.0%),-46,1 (0.0%),38,1 (0.0%),52,1 (0.0%),31,1 (0.0%),NA,,NA,,NA,,NA,,NA,,NA,,NA,,NA,,NA,,NA,,NA,,NA,,0.94,2491 (1.1),2.0,38.9,59.1,87.96,1.40
Miller-Plate70-B12,,2216,1953 (88.13%),27 (1.22%),98.6%,1,325 (14.7%),-6,273 (12.3%),-15,218 (9.8%),-7,190 (8.6%),-2,147 (6.6%),-1,137 (6.2%),-3,92 (4.2%),-16,49 (2.2%),-9,41 (1.9%),-10,40 (1.8%),-4,38 (1.7%),-8,35 (1.6%),-14,32 (1.4%),0,31 (1.4%),-13,30 (1.4%),-12,28 (1.3%),-21,26 (1.2%),2,22 (1.0%),-11,19 (0.9%),-5,15 (0.7%),-22,14 (0.6%),-18,13 (0.6%),-23,13 (0.6%),-17,12 (0.5%),-36,12 (0.5%),-20,11 (0.5%),-27,11 (0.5%),-140,8 (0.4%),-28,8 (0.4%),-206,7 (0.3%),-146,7 (0.3%),-24,7 (0.3%),-35,7 (0.3%),-96,7 (0.3%),-166,6 (0.3%),-25,6 (0.3%),-116,6 (0.3%),-170,6 (0.3%),-95,6 (0.3%),-72,6 (0.3%),-149,5 (0.2%),-33,5 (0.2%),-53,5 (0.2%),-52,5 (0.2%),-212,5 (0.2%),-31,5 (0.2%),-54,5 (0.2%),-19,5 (0.2%),-185,4 (0.2%),-51,4 (0.2%),-189,3 (0.1%),-168,3 (0.1%),-44,3 (0.1%),-205,3 (0.1%),85,3 (0.1%),-190,3 (0.1%),-158,3 (0.1%),-73,3 (0.1%),-87,3 (0.1%),-78,3 (0.1%),-172,3 (0.1%),-161,3 (0.1%),-32,3 (0.1%),-256,3 (0.1%),-134,3 (0.1%),-75,3 (0.1%),-67,3 (0.1%),-104,3 (0.1%),-162,3 (0.1%),-159,2 (0.1%),-191,2 (0.1%),-58,2 (0.1%),-246,2 (0.1%),-59,2 (0.1%),-115,2 (0.1%),-79,2 (0.1%),-163,2 (0.1%),-186,2 (0.1%),-30,2 (0.1%),-164,2 (0.1%),-208,2 (0.1%),38,2 (0.1%),-157,2 (0.1%),31,2 (0.1%),-64,2 (0.1%),-60,2 (0.1%),-175,2 (0.1%),-42,2 (0.1%),-39,2 (0.1%),-144,2 (0.1%),-126,2 (0.1%),-80,2 (0.1%),-93,2 (0.1%),-45,2 (0.1%),-66,2 (0.1%),-220,2 (0.1%),-81,2 (0.1%),37,2 (0.1%),-147,2 (0.1%),-148,2 (0.1%),-68,2 (0.1%),-63,2 (0.1%),-41,2 (0.1%),-132,2 (0.1%),-61,2 (0.1%),3,2 (0.1%),-37,2 (0.1%),-125,2 (0.1%),-43,2 (0.1%),-109,1 (0.0%),69,1 (0.0%),-153,1 (0.0%),-77,1 (0.0%),-137,1 (0.0%),19,1 (0.0%),-118,1 (0.0%),-123,1 (0.0%),49,1 (0.0%),47,1 (0.0%),-103,1 (0.0%),-101,1 (0.0%),-135,1 (0.0%),12,1 (0.0%),-182,1 (0.0%),-165,1 (0.0%),-29,1 (0.0%),-88,1 (0.0%),-122,1 (0.0%),-105,1 (0.0%),32,1 (0.0%),92,1 (0.0%),-112,1 (0.0%),-200,1 (0.0%),43,1 (0.0%),-224,1 (0.0%),-86,1 (0.0%),-69,1 (0.0%),50,1 (0.0%),-100,1 (0.0%),63,1 (0.0%),-151,1 (0.0%),-70,1 (0.0%),-50,1 (0.0%),-113,1 (0.0%),-119,1 (0.0%),-138,1 (0.0%),-142,1 (0.0%),35,1 (0.0%),-40,1 (0.0%),81,1 (0.0%),-48,1 (0.0%),22,1 (0.0%),-98,1 (0.0%),-85,1 (0.0%),58,1 (0.0%),-152,1 (0.0%),-94,1 (0.0%),36,1 (0.0%),67,1 (0.0%),-107,1 (0.0%),-47,1 (0.0%),-91,1 (0.0%),48,1 (0.0%),7,1 (0.0%),-56,1 (0.0%),91,1 (0.0%),25,1 (0.0%),-111,1 (0.0%),54,1 (0.0%),-84,1 (0.0%),-71,1 (0.0%),-34,1 (0.0%),11,1 (0.0%),-141,1 (0.0%),-196,1 (0.0%),-74,1 (0.0%),-99,1 (0.0%),-108,1 (0.0%),-62,1 (0.0%),NA,,NA,,NA,,NA,,NA,,NA,,NA,,NA,,NA,,NA,,NA,,NA,,NA,,NA,,NA,,NA,,NA,,NA,,NA,,NA,,NA,,0.94,2080 (1.1),1.4,37.0,61.6,88.13,1.22
Miller-Plate70-C09,,2353,2266 (96.30%),2284 (97.07%),0.5%,0,2342 (99.5%),-1,9 (0.4%),-3,1 (0.0%),-2,1 (0.0%),NA,,NA,,NA,,NA,,NA,,NA,,NA,,NA,,NA,,NA,,NA,,NA,,NA,,NA,,NA,,NA,,NA,,NA,,NA,,NA,,NA,,NA,,NA,,NA,,NA,,NA,,NA,,NA,,NA,,NA,,NA,,NA,,NA,,NA,,NA,,NA,,NA,,NA,,NA,,NA,,NA,,NA,,NA,,NA,,NA,,NA,,NA,,NA,,NA,,NA,,NA,,NA,,NA,,NA,,NA,,NA,,NA,,NA,,NA,,NA,,NA,,NA,,NA,,NA,,NA,,NA,,NA,,NA,,NA,,NA,,NA,,NA,,NA,,NA,,NA,,NA,,NA,,NA,,NA,,NA,,NA,,NA,,NA,,NA,,NA,,NA,,NA,,NA,,NA,,NA,,NA,,NA,,NA,,NA,,NA,,NA,,NA,,NA,,NA,,NA,,NA,,NA,,NA,,NA,,NA,,NA,,NA,,NA,,NA,,NA,,NA,,NA,,NA,,NA,,NA,,NA,,NA,,NA,,NA,,NA,,NA,,NA,,NA,,NA,,NA,,NA,,NA,,NA,,NA,,NA,,NA,,NA,,NA,,NA,,NA,,NA,,NA,,NA,,NA,,NA,,NA,,NA,,NA,,NA,,NA,,NA,,NA,,NA,,NA,,NA,,NA,,NA,,NA,,NA,,NA,,NA,,NA,,NA,,NA,,NA,,NA,,NA,,NA,,NA,,NA,,NA,,NA,,NA,,NA,,NA,,NA,,NA,,NA,,NA,,NA,,NA,,NA,,NA,,NA,,NA,,NA,,NA,,NA,,NA,,NA,,NA,,NA,,NA,,NA,,NA,,NA,,NA,,NA,,NA,,NA,,NA,,0.98,2367 (1.0),99.5,0.0,0.4,96.30,97.07
Miller-Plate70-C10,,2256,1994 (88.39%),39 (1.73%),97.6%,-6,376 (16.7%),1,250 (11.1%),-15,246 (10.9%),-7,211 (9.4%),-2,144 (6.4%),-1,117 (5.2%),-3,105 (4.7%),0,54 (2.4%),-16,45 (2.0%),-9,42 (1.9%),-8,35 (1.6%),-12,32 (1.4%),-11,30 (1.3%),-10,28 (1.2%),-4,26 (1.2%),-13,26 (1.2%),-14,24 (1.1%),-5,21 (0.9%),2,20 (0.9%),-21,19 (0.8%),-36,14 (0.6%),-116,13 (0.6%),-18,11 (0.5%),-72,11 (0.5%),-27,10 (0.4%),-33,9 (0.4%),-146,9 (0.4%),-24,8 (0.4%),-25,8 (0.4%),-17,8 (0.4%),-63,7 (0.3%),-22,6 (0.3%),-200,6 (0.3%),-19,6 (0.3%),-23,6 (0.3%),-95,6 (0.3%),-39,6 (0.3%),-221,6 (0.3%),-87,5 (0.2%),-210,5 (0.2%),-145,5 (0.2%),-34,5 (0.2%),-79,5 (0.2%),-154,5 (0.2%),-80,4 (0.2%),-158,4 (0.2%),3,4 (0.2%),-137,4 (0.2%),-52,4 (0.2%),-135,4 (0.2%),-20,4 (0.2%),-166,4 (0.2%),-149,4 (0.2%),-151,4 (0.2%),-42,3 (0.1%),-71,3 (0.1%),-120,3 (0.1%),-115,3 (0.1%),-198,3 (0.1%),-206,3 (0.1%),-104,3 (0.1%),-28,3 (0.1%),-93,3 (0.1%),-140,3 (0.1%),-54,3 (0.1%),-58,3 (0.1%),-40,3 (0.1%),-60,3 (0.1%),-126,3 (0.1%),-45,3 (0.1%),-156,2 (0.1%),-183,2 (0.1%),-64,2 (0.1%),-26,2 (0.1%),-37,2 (0.1%),-66,2 (0.1%),13,2 (0.1%),-56,2 (0.1%),-160,2 (0.1%),-114,2 (0.1%),-143,2 (0.1%),-223,2 (0.1%),-103,2 (0.1%),-128,2 (0.1%),-96,2 (0.1%),-239,2 (0.1%),-46,2 (0.1%),4,2 (0.1%),-50,2 (0.1%),-237,2 (0.1%),-170,2 (0.1%),-201,2 (0.1%),-31,2 (0.1%),-51,2 (0.1%),-129,2 (0.1%),-107,2 (0.1%),44,2 (0.1%),-44,2 (0.1%),-155,2 (0.1%),-81,2 (0.1%),-94,2 (0.1%),-30,2 (0.1%),-43,2 (0.1%),-161,2 (0.1%),-106,1 (0.0%),-77,1 (0.0%),-225,1 (0.0%),-29,1 (0.0%),72,1 (0.0%),-70,1 (0.0%),-162,1 (0.0%),82,1 (0.0%),-67,1 (0.0%),-109,1 (0.0%),-142,1 (0.0%),-110,1 (0.0%),-216,1 (0.0%),45,1 (0.0%),-169,1 (0.0%),-185,1 (0.0%),-131,1 (0.0%),11,1 (0.0%),103,1 (0.0%),-153,1 (0.0%),94,1 (0.0%),-174,1 (0.0%),19,1 (0.0%),-165,1 (0.0%),-82,1 (0.0%),-57,1 (0.0%),37,1 (0.0%),78,1 (0.0%),-48,1 (0.0%),-168,1 (0.0%),12,1 (0.0%),-97,1 (0.0%),-232,1 (0.0%),33,1 (0.0%),-159,1 (0.0%),71,1 (0.0%),-38,1 (0.0%),-65,1 (0.0%),41,1 (0.0%),15,1 (0.0%),-112,1 (0.0%),-84,1 (0.0%),79,1 (0.0%),-49,1 (0.0%),-191,1 (0.0%),-152,1 (0.0%),53,1 (0.0%),-32,1 (0.0%),-197,1 (0.0%),-86,1 (0.0%),49,1 (0.0%),83,1 (0.0%),16,1 (0.0%),-111,1 (0.0%),90,1 (0.0%),-118,1 (0.0%),-55,1 (0.0%),-53,1 (0.0%),21,1 (0.0%),-124,1 (0.0%),-214,1 (0.0%),-117,1 (0.0%),6,1 (0.0%),85,1 (0.0%),-134,1 (0.0%),-203,1 (0.0%),-102,1 (0.0%),-144,1 (0.0%),-172,1 (0.0%),NA,,NA,,NA,,NA,,NA,,NA,,NA,,NA,,NA,,NA,,NA,,NA,,NA,,NA,,NA,,NA,,NA,,NA,,NA,,NA,,NA,,NA,,NA,,NA,,NA,,NA,,NA,,0.93,2142 (1.1),2.4,43.6,54.0,88.39,1.73
Miller-Plate70-C11,,2480,2152 (86.77%),37 (1.49%),97.7%,-6,360 (14.5%),-15,256 (10.3%),1,256 (10.3%),-7,255 (10.3%),-1,148 (6.0%),-2,135 (5.4%),-3,117 (4.7%),0,57 (2.3%),-9,44 (1.8%),-10,40 (1.6%),-16,40 (1.6%),-8,39 (1.6%),-12,33 (1.3%),-4,33 (1.3%),-5,28 (1.1%),-14,24 (1.0%),-11,23 (0.9%),-13,23 (0.9%),-116,21 (0.8%),-36,20 (0.8%),-17,20 (0.8%),2,17 (0.7%),-21,15 (0.6%),-18,14 (0.6%),-25,13 (0.5%),-27,13 (0.5%),-33,12 (0.5%),-63,12 (0.5%),-185,12 (0.5%),-19,11 (0.4%),-23,11 (0.4%),-24,10 (0.4%),-22,9 (0.4%),-72,8 (0.3%),-149,8 (0.3%),-30,7 (0.3%),-187,7 (0.3%),-20,7 (0.3%),3,6 (0.2%),-87,6 (0.2%),-215,6 (0.2%),-81,6 (0.2%),-164,6 (0.2%),-211,5 (0.2%),-230,5 (0.2%),-172,5 (0.2%),-39,5 (0.2%),-143,5 (0.2%),-102,5 (0.2%),-166,5 (0.2%),-181,5 (0.2%),-146,5 (0.2%),-226,5 (0.2%),-160,4 (0.2%),-128,4 (0.2%),-155,4 (0.2%),5,4 (0.2%),-141,4 (0.2%),-161,4 (0.2%),-163,4 (0.2%),-58,4 (0.2%),-242,4 (0.2%),-142,4 (0.2%),-53,4 (0.2%),-37,4 (0.2%),-115,4 (0.2%),-105,4 (0.2%),-191,3 (0.1%),-213,3 (0.1%),-148,3 (0.1%),-75,3 (0.1%),-51,3 (0.1%),-186,3 (0.1%),-130,3 (0.1%),-178,3 (0.1%),-42,3 (0.1%),-123,3 (0.1%),-66,3 (0.1%),-54,3 (0.1%),-137,3 (0.1%),-69,3 (0.1%),-101,3 (0.1%),-88,3 (0.1%),-135,3 (0.1%),-207,3 (0.1%),-28,3 (0.1%),-140,3 (0.1%),-52,3 (0.1%),-159,2 (0.1%),-96,2 (0.1%),-76,2 (0.1%),-109,2 (0.1%),-95,2 (0.1%),-90,2 (0.1%),-104,2 (0.1%),-82,2 (0.1%),-157,2 (0.1%),-40,2 (0.1%),-32,2 (0.1%),-216,2 (0.1%),-56,2 (0.1%),16,2 (0.1%),-182,2 (0.1%),-60,2 (0.1%),-203,2 (0.1%),-193,2 (0.1%),-80,2 (0.1%),-126,2 (0.1%),-221,2 (0.1%),-100,2 (0.1%),-132,2 (0.1%),-35,2 (0.1%),-152,2 (0.1%),61,2 (0.1%),-114,2 (0.1%),63,2 (0.1%),-106,1 (0.0%),-31,1 (0.0%),-46,1 (0.0%),30,1 (0.0%),-99,1 (0.0%),42,1 (0.0%),-62,1 (0.0%),-199,1 (0.0%),-151,1 (0.0%),-91,1 (0.0%),-214,1 (0.0%),-122,1 (0.0%),76,1 (0.0%),-64,1 (0.0%),-79,1 (0.0%),-124,1 (0.0%),-154,1 (0.0%),-197,1 (0.0%),-45,1 (0.0%),-110,1 (0.0%),-50,1 (0.0%),-41,1 (0.0%),-68,1 (0.0%),-168,1 (0.0%),-165,1 (0.0%),6,1 (0.0%),-162,1 (0.0%),-120,1 (0.0%),77,1 (0.0%),-145,1 (0.0%),32,1 (0.0%),-206,1 (0.0%),-153,1 (0.0%),8,1 (0.0%),83,1 (0.0%),65,1 (0.0%),-34,1 (0.0%),-92,1 (0.0%),-98,1 (0.0%),-129,1 (0.0%),-174,1 (0.0%),-85,1 (0.0%),86,1 (0.0%),4,1 (0.0%),-84,1 (0.0%),73,1 (0.0%),-138,1 (0.0%),-134,1 (0.0%),-117,1 (0.0%),-38,1 (0.0%),-94,1 (0.0%),10,1 (0.0%),-29,1 (0.0%),-147,1 (0.0%),-133,1 (0.0%),33,1 (0.0%),46,1 (0.0%),-47,1 (0.0%),-48,1 (0.0%),-158,1 (0.0%),118,1 (0.0%),-177,1 (0.0%),-217,1 (0.0%),-176,1 (0.0%),-103,1 (0.0%),48,1 (0.0%),17,1 (0.0%),NA,,NA,,NA,,NA,,NA,,NA,,NA,,NA,,NA,,NA,,NA,,NA,,NA,,NA,,NA,,NA,,NA,,0.94,2323 (1.1),2.3,41.5,56.2,86.77,1.49
Miller-Plate70-C12,,2055,1818 (88.47%),12 (0.58%),98.9%,-6,327 (15.9%),1,262 (12.7%),-15,215 (10.5%),-7,190 (9.2%),-2,129 (6.3%),-1,127 (6.2%),-3,77 (3.7%),-16,38 (1.8%),-9,34 (1.7%),-21,32 (1.6%),-10,32 (1.6%),-13,31 (1.5%),-12,30 (1.5%),-4,28 (1.4%),2,25 (1.2%),-8,23 (1.1%),0,22 (1.1%),-5,19 (0.9%),-11,19 (0.9%),-14,17 (0.8%),-17,14 (0.7%),-27,12 (0.6%),-116,11 (0.5%),-19,10 (0.5%),-25,10 (0.5%),-140,9 (0.4%),-24,9 (0.4%),-30,8 (0.4%),-39,8 (0.4%),-36,8 (0.4%),-18,7 (0.3%),-134,7 (0.3%),-133,6 (0.3%),-72,6 (0.3%),-158,6 (0.3%),-217,6 (0.3%),-23,6 (0.3%),-81,6 (0.3%),-87,6 (0.3%),-200,6 (0.3%),-137,5 (0.2%),-166,5 (0.2%),-160,5 (0.2%),-80,5 (0.2%),-66,5 (0.2%),-54,4 (0.2%),-33,4 (0.2%),-20,4 (0.2%),3,4 (0.2%),-165,4 (0.2%),-26,4 (0.2%),-51,4 (0.2%),-22,4 (0.2%),-84,4 (0.2%),-148,3 (0.1%),-189,3 (0.1%),-147,3 (0.1%),-85,3 (0.1%),-52,3 (0.1%),-35,3 (0.1%),-78,3 (0.1%),-91,3 (0.1%),-150,3 (0.1%),-127,3 (0.1%),-149,3 (0.1%),-31,3 (0.1%),-205,2 (0.1%),-63,2 (0.1%),-155,2 (0.1%),-159,2 (0.1%),-64,2 (0.1%),-28,2 (0.1%),4,2 (0.1%),-29,2 (0.1%),-105,2 (0.1%),-57,2 (0.1%),-212,2 (0.1%),-42,2 (0.1%),-41,2 (0.1%),-40,2 (0.1%),-69,2 (0.1%),-163,2 (0.1%),-79,2 (0.1%),-185,2 (0.1%),-170,2 (0.1%),-135,2 (0.1%),-44,2 (0.1%),-191,2 (0.1%),-109,2 (0.1%),-95,2 (0.1%),-225,2 (0.1%),-136,2 (0.1%),-104,2 (0.1%),-138,2 (0.1%),-174,2 (0.1%),26,2 (0.1%),5,2 (0.1%),-143,2 (0.1%),-112,2 (0.1%),93,1 (0.0%),-169,1 (0.0%),38,1 (0.0%),75,1 (0.0%),76,1 (0.0%),-172,1 (0.0%),-34,1 (0.0%),-32,1 (0.0%),-43,1 (0.0%),9,1 (0.0%),-164,1 (0.0%),-168,1 (0.0%),-83,1 (0.0%),-92,1 (0.0%),33,1 (0.0%),-124,1 (0.0%),7,1 (0.0%),63,1 (0.0%),107,1 (0.0%),65,1 (0.0%),-171,1 (0.0%),-56,1 (0.0%),-76,1 (0.0%),-90,1 (0.0%),-123,1 (0.0%),-203,1 (0.0%),62,1 (0.0%),29,1 (0.0%),-49,1 (0.0%),-71,1 (0.0%),-157,1 (0.0%),-96,1 (0.0%),-58,1 (0.0%),-53,1 (0.0%),39,1 (0.0%),-94,1 (0.0%),-45,1 (0.0%),-180,1 (0.0%),-70,1 (0.0%),-141,1 (0.0%),-108,1 (0.0%),-121,1 (0.0%),82,1 (0.0%),-154,1 (0.0%),-37,1 (0.0%),-97,1 (0.0%),-236,1 (0.0%),-246,1 (0.0%),19,1 (0.0%),-82,1 (0.0%),-128,1 (0.0%),-120,1 (0.0%),67,1 (0.0%),-156,1 (0.0%),NA,,NA,,NA,,NA,,NA,,NA,,NA,,NA,,NA,,NA,,NA,,NA,,NA,,NA,,NA,,NA,,NA,,NA,,NA,,NA,,NA,,NA,,NA,,NA,,NA,,NA,,NA,,NA,,NA,,NA,,NA,,NA,,NA,,NA,,NA,,NA,,NA,,NA,,NA,,NA,,NA,,NA,,NA,,NA,,NA,,NA,,NA,,0.94,1969 (1.1),1.1,42.0,56.9,88.47,0.58
Miller-Plate70-D09,,2842,2755 (96.94%),2774 (97.61%),0.3%,0,2834 (99.7%),-1,8 (0.3%),NA,,NA,,NA,,NA,,NA,,NA,,NA,,NA,,NA,,NA,,NA,,NA,,NA,,NA,,NA,,NA,,NA,,NA,,NA,,NA,,NA,,NA,,NA,,NA,,NA,,NA,,NA,,NA,,NA,,NA,,NA,,NA,,NA,,NA,,NA,,NA,,NA,,NA,,NA,,NA,,NA,,NA,,NA,,NA,,NA,,NA,,NA,,NA,,NA,,NA,,NA,,NA,,NA,,NA,,NA,,NA,,NA,,NA,,NA,,NA,,NA,,NA,,NA,,NA,,NA,,NA,,NA,,NA,,NA,,NA,,NA,,NA,,NA,,NA,,NA,,NA,,NA,,NA,,NA,,NA,,NA,,NA,,NA,,NA,,NA,,NA,,NA,,NA,,NA,,NA,,NA,,NA,,NA,,NA,,NA,,NA,,NA,,NA,,NA,,NA,,NA,,NA,,NA,,NA,,NA,,NA,,NA,,NA,,NA,,NA,,NA,,NA,,NA,,NA,,NA,,NA,,NA,,NA,,NA,,NA,,NA,,NA,,NA,,NA,,NA,,NA,,NA,,NA,,NA,,NA,,NA,,NA,,NA,,NA,,NA,,NA,,NA,,NA,,NA,,NA,,NA,,NA,,NA,,NA,,NA,,NA,,NA,,NA,,NA,,NA,,NA,,NA,,NA,,NA,,NA,,NA,,NA,,NA,,NA,,NA,,NA,,NA,,NA,,NA,,NA,,NA,,NA,,NA,,NA,,NA,,NA,,NA,,NA,,NA,,NA,,NA,,NA,,NA,,NA,,NA,,NA,,NA,,NA,,NA,,NA,,NA,,NA,,NA,,NA,,NA,,NA,,NA,,NA,,NA,,NA,,NA,,NA,,NA,,0.98,2887 (1.0),99.7,0.0,0.3,96.94,97.61
Miller-Plate70-D10,,2807,2484 (88.49%),61 (2.17%),97.4%,-6,455 (16.2%),-15,354 (12.6%),-7,282 (10.0%),1,272 (9.7%),-1,168 (6.0%),-2,150 (5.3%),-3,85 (3.0%),0,74 (2.6%),-16,63 (2.2%),-9,63 (2.2%),-12,55 (2.0%),-4,45 (1.6%),-10,38 (1.4%),-21,33 (1.2%),-8,33 (1.2%),-11,28 (1.0%),-14,28 (1.0%),-5,26 (0.9%),-13,25 (0.9%),-36,23 (0.8%),-17,22 (0.8%),-18,17 (0.6%),-27,15 (0.5%),-33,15 (0.5%),-63,13 (0.5%),-19,13 (0.5%),-39,12 (0.4%),-204,12 (0.4%),3,11 (0.4%),-30,11 (0.4%),-149,9 (0.3%),2,9 (0.3%),-80,9 (0.3%),-116,9 (0.3%),-22,9 (0.3%),-52,8 (0.3%),-66,8 (0.3%),-129,8 (0.3%),-23,8 (0.3%),-109,7 (0.2%),-26,6 (0.2%),-146,6 (0.2%),-242,6 (0.2%),-25,6 (0.2%),-24,6 (0.2%),-87,5 (0.2%),-54,5 (0.2%),-55,5 (0.2%),-140,5 (0.2%),-93,5 (0.2%),-79,4 (0.1%),-81,4 (0.1%),-73,4 (0.1%),-20,4 (0.1%),-137,4 (0.1%),-196,4 (0.1%),-53,4 (0.1%),-115,4 (0.1%),-51,3 (0.1%),-105,3 (0.1%),-197,3 (0.1%),-72,3 (0.1%),-122,3 (0.1%),-58,3 (0.1%),-82,3 (0.1%),-64,3 (0.1%),-126,3 (0.1%),-42,3 (0.1%),-143,3 (0.1%),-97,3 (0.1%),-159,3 (0.1%),-144,3 (0.1%),-95,3 (0.1%),-28,3 (0.1%),-45,3 (0.1%),-121,3 (0.1%),-174,3 (0.1%),-134,3 (0.1%),-70,3 (0.1%),-84,3 (0.1%),-152,3 (0.1%),-103,2 (0.1%),-77,2 (0.1%),-75,2 (0.1%),-133,2 (0.1%),-153,2 (0.1%),-207,2 (0.1%),-118,2 (0.1%),-119,2 (0.1%),38,2 (0.1%),27,2 (0.1%),-120,2 (0.1%),-154,2 (0.1%),-69,2 (0.1%),-100,2 (0.1%),-48,2 (0.1%),-89,2 (0.1%),-186,2 (0.1%),-71,2 (0.1%),-158,2 (0.1%),-68,2 (0.1%),9,2 (0.1%),-139,2 (0.1%),-163,2 (0.1%),50,2 (0.1%),-160,2 (0.1%),42,2 (0.1%),-88,2 (0.1%),-157,2 (0.1%),-112,2 (0.1%),-44,2 (0.1%),-102,2 (0.1%),-117,2 (0.1%),-46,2 (0.1%),-206,1 (0.0%),52,1 (0.0%),34,1 (0.0%),-40,1 (0.0%),-62,1 (0.0%),-113,1 (0.0%),39,1 (0.0%),5,1 (0.0%),63,1 (0.0%),-85,1 (0.0%),88,1 (0.0%),36,1 (0.0%),-151,1 (0.0%),33,1 (0.0%),20,1 (0.0%),-94,1 (0.0%),41,1 (0.0%),-127,1 (0.0%),-38,1 (0.0%),76,1 (0.0%),-60,1 (0.0%),-223,1 (0.0%),-107,1 (0.0%),37,1 (0.0%),-35,1 (0.0%),45,1 (0.0%),-148,1 (0.0%),15,1 (0.0%),-74,1 (0.0%),-41,1 (0.0%),13,1 (0.0%),65,1 (0.0%),-200,1 (0.0%),-98,1 (0.0%),-166,1 (0.0%),-57,1 (0.0%),67,1 (0.0%),-185,1 (0.0%),-37,1 (0.0%),43,1 (0.0%),48,1 (0.0%),-90,1 (0.0%),25,1 (0.0%),-145,1 (0.0%),86,1 (0.0%),-92,1 (0.0%),35,1 (0.0%),-132,1 (0.0%),-34,1 (0.0%),-83,1 (0.0%),-76,1 (0.0%),-175,1 (0.0%),-131,1 (0.0%),-170,1 (0.0%),11,1 (0.0%),6,1 (0.0%),-181,1 (0.0%),28,1 (0.0%),56,1 (0.0%),58,1 (0.0%),NA,,NA,,NA,,NA,,NA,,NA,,NA,,NA,,NA,,NA,,NA,,NA,,NA,,NA,,NA,,NA,,NA,,NA,,NA,,NA,,NA,,NA,,NA,,NA,,NA,,NA,,0.94,2676 (1.1),2.6,45.6,51.7,88.49,2.17
Miller-Plate70-D11,,2582,2272 (87.99%),61 (2.36%),96.9%,-6,434 (16.8%),-15,337 (13.1%),-7,240 (9.3%),1,234 (9.1%),-1,148 (5.7%),-2,137 (5.3%),-3,86 (3.3%),0,80 (3.1%),-16,51 (2.0%),-12,50 (1.9%),-9,48 (1.9%),-10,39 (1.5%),-13,38 (1.5%),-8,35 (1.4%),-4,33 (1.3%),-14,31 (1.2%),2,24 (0.9%),-11,23 (0.9%),-116,22 (0.9%),-21,20 (0.8%),-5,20 (0.8%),-36,16 (0.6%),-19,13 (0.5%),-72,12 (0.5%),-17,11 (0.4%),-63,10 (0.4%),-24,10 (0.4%),-33,10 (0.4%),-18,10 (0.4%),-146,9 (0.3%),-140,7 (0.3%),-66,7 (0.3%),-25,7 (0.3%),-132,7 (0.3%),-28,6 (0.2%),-135,6 (0.2%),-39,6 (0.2%),-149,6 (0.2%),-95,6 (0.2%),3,6 (0.2%),-80,6 (0.2%),-205,6 (0.2%),-35,5 (0.2%),-81,5 (0.2%),-27,5 (0.2%),-53,5 (0.2%),-215,5 (0.2%),-22,5 (0.2%),-96,4 (0.2%),-60,4 (0.2%),-71,4 (0.2%),-136,4 (0.2%),-87,4 (0.2%),-133,4 (0.2%),-73,4 (0.2%),-185,4 (0.2%),-26,4 (0.2%),-158,4 (0.2%),-20,4 (0.2%),-121,4 (0.2%),-216,4 (0.2%),-130,3 (0.1%),-75,3 (0.1%),-194,3 (0.1%),-79,3 (0.1%),-166,3 (0.1%),-161,3 (0.1%),-202,3 (0.1%),-54,3 (0.1%),-45,3 (0.1%),-162,3 (0.1%),-58,3 (0.1%),-48,3 (0.1%),-69,3 (0.1%),-123,3 (0.1%),-41,3 (0.1%),-88,3 (0.1%),-46,3 (0.1%),-141,3 (0.1%),-89,3 (0.1%),-178,3 (0.1%),-101,3 (0.1%),35,3 (0.1%),-160,3 (0.1%),-147,2 (0.1%),27,2 (0.1%),-210,2 (0.1%),-221,2 (0.1%),-23,2 (0.1%),36,2 (0.1%),-189,2 (0.1%),-78,2 (0.1%),-177,2 (0.1%),-70,2 (0.1%),-42,2 (0.1%),-172,2 (0.1%),-168,2 (0.1%),-224,2 (0.1%),12,2 (0.1%),-51,2 (0.1%),-109,2 (0.1%),-104,2 (0.1%),-148,2 (0.1%),-169,2 (0.1%),-84,2 (0.1%),-127,2 (0.1%),-192,2 (0.1%),-106,2 (0.1%),-77,2 (0.1%),-159,2 (0.1%),18,2 (0.1%),-29,2 (0.1%),-49,2 (0.1%),-113,2 (0.1%),-55,2 (0.1%),-188,1 (0.0%),-114,1 (0.0%),48,1 (0.0%),28,1 (0.0%),-93,1 (0.0%),-176,1 (0.0%),-108,1 (0.0%),-56,1 (0.0%),-156,1 (0.0%),-37,1 (0.0%),-94,1 (0.0%),-57,1 (0.0%),-155,1 (0.0%),47,1 (0.0%),74,1 (0.0%),-32,1 (0.0%),32,1 (0.0%),-197,1 (0.0%),31,1 (0.0%),-154,1 (0.0%),-43,1 (0.0%),-163,1 (0.0%),-125,1 (0.0%),54,1 (0.0%),-40,1 (0.0%),-82,1 (0.0%),50,1 (0.0%),-200,1 (0.0%),-120,1 (0.0%),-67,1 (0.0%),-110,1 (0.0%),-52,1 (0.0%),76,1 (0.0%),8,1 (0.0%),-30,1 (0.0%),15,1 (0.0%),-50,1 (0.0%),-74,1 (0.0%),-34,1 (0.0%),-126,1 (0.0%),46,1 (0.0%),-152,1 (0.0%),-61,1 (0.0%),-153,1 (0.0%),-99,1 (0.0%),13,1 (0.0%),79,1 (0.0%),-115,1 (0.0%),-31,1 (0.0%),88,1 (0.0%),23,1 (0.0%),25,1 (0.0%),-119,1 (0.0%),56,1 (0.0%),-111,1 (0.0%),37,1 (0.0%),-128,1 (0.0%),-68,1 (0.0%),19,1 (0.0%),66,1 (0.0%),-91,1 (0.0%),24,1 (0.0%),NA,,NA,,NA,,NA,,NA,,NA,,NA,,NA,,NA,,NA,,NA,,NA,,NA,,NA,,NA,,NA,,NA,,NA,,NA,,NA,,NA,,NA,,NA,,0.94,2450 (1.1),3.1,45.4,51.5,87.99,2.36
Miller-Plate70-D12,,2285,1986 (86.91%),37 (1.62%),97.8%,-6,377 (16.5%),-15,282 (12.3%),1,237 (10.4%),-7,193 (8.4%),-1,131 (5.7%),-3,121 (5.3%),-2,121 (5.3%),0,51 (2.2%),-16,51 (2.2%),-9,40 (1.8%),-10,40 (1.8%),-13,32 (1.4%),-12,30 (1.3%),-8,29 (1.3%),-21,25 (1.1%),-4,25 (1.1%),-36,24 (1.1%),-11,21 (0.9%),-14,19 (0.8%),2,18 (0.8%),-18,16 (0.7%),-63,14 (0.6%),-5,13 (0.6%),-27,12 (0.5%),-17,12 (0.5%),-189,11 (0.5%),-39,9 (0.4%),3,8 (0.4%),-149,8 (0.4%),-116,7 (0.3%),-22,7 (0.3%),-182,7 (0.3%),-24,7 (0.3%),-140,7 (0.3%),-81,7 (0.3%),-20,7 (0.3%),-147,6 (0.3%),-72,6 (0.3%),-23,6 (0.3%),-52,5 (0.2%),-54,5 (0.2%),-33,5 (0.2%),-215,5 (0.2%),-48,5 (0.2%),-78,5 (0.2%),-51,4 (0.2%),-111,4 (0.2%),-69,4 (0.2%),-87,4 (0.2%),-25,4 (0.2%),-107,4 (0.2%),-146,4 (0.2%),-42,4 (0.2%),-66,4 (0.2%),-134,4 (0.2%),-28,4 (0.2%),-171,4 (0.2%),-169,4 (0.2%),-212,4 (0.2%),-221,4 (0.2%),-150,4 (0.2%),-123,4 (0.2%),-210,3 (0.1%),-53,3 (0.1%),-136,3 (0.1%),-80,3 (0.1%),-185,3 (0.1%),-96,3 (0.1%),-93,3 (0.1%),-60,3 (0.1%),-200,3 (0.1%),-161,3 (0.1%),-44,3 (0.1%),-126,3 (0.1%),-58,2 (0.1%),-102,2 (0.1%),-143,2 (0.1%),6,2 (0.1%),-160,2 (0.1%),-59,2 (0.1%),-108,2 (0.1%),-109,2 (0.1%),19,2 (0.1%),-19,2 (0.1%),48,2 (0.1%),-181,2 (0.1%),-151,2 (0.1%),-70,2 (0.1%),-35,2 (0.1%),-201,2 (0.1%),-162,2 (0.1%),-106,2 (0.1%),-95,2 (0.1%),-131,2 (0.1%),-26,2 (0.1%),39,2 (0.1%),-194,2 (0.1%),-56,2 (0.1%),-79,2 (0.1%),-190,2 (0.1%),37,2 (0.1%),-76,1 (0.0%),-104,1 (0.0%),-83,1 (0.0%),-135,1 (0.0%),-138,1 (0.0%),-84,1 (0.0%),-37,1 (0.0%),91,1 (0.0%),15,1 (0.0%),52,1 (0.0%),-144,1 (0.0%),-94,1 (0.0%),28,1 (0.0%),57,1 (0.0%),-168,1 (0.0%),-43,1 (0.0%),-115,1 (0.0%),-46,1 (0.0%),-34,1 (0.0%),-164,1 (0.0%),-40,1 (0.0%),83,1 (0.0%),-38,1 (0.0%),-166,1 (0.0%),-133,1 (0.0%),5,1 (0.0%),-29,1 (0.0%),-65,1 (0.0%),23,1 (0.0%),-122,1 (0.0%),-186,1 (0.0%),-67,1 (0.0%),46,1 (0.0%),-91,1 (0.0%),-121,1 (0.0%),-155,1 (0.0%),-128,1 (0.0%),13,1 (0.0%),51,1 (0.0%),82,1 (0.0%),-154,1 (0.0%),-30,1 (0.0%),-193,1 (0.0%),-86,1 (0.0%),-127,1 (0.0%),80,1 (0.0%),-120,1 (0.0%),42,1 (0.0%),-99,1 (0.0%),-31,1 (0.0%),-45,1 (0.0%),-57,1 (0.0%),-132,1 (0.0%),-158,1 (0.0%),-153,1 (0.0%),78,1 (0.0%),72,1 (0.0%),-90,1 (0.0%),-112,1 (0.0%),20,1 (0.0%),NA,,NA,,NA,,NA,,NA,,NA,,NA,,NA,,NA,,NA,,NA,,NA,,NA,,NA,,NA,,NA,,NA,,NA,,NA,,NA,,NA,,NA,,NA,,NA,,NA,,NA,,NA,,NA,,NA,,NA,,NA,,NA,,NA,,NA,,NA,,NA,,NA,,NA,,NA,,0.94,2148 (1.1),2.2,48.1,49.6,86.91,1.62
Miller-Plate70-E09,,3155,3054 (96.80%),3058 (96.93%),0.4%,0,3143 (99.6%),-1,11 (0.3%),-2,1 (0.0%),NA,,NA,,NA,,NA,,NA,,NA,,NA,,NA,,NA,,NA,,NA,,NA,,NA,,NA,,NA,,NA,,NA,,NA,,NA,,NA,,NA,,NA,,NA,,NA,,NA,,NA,,NA,,NA,,NA,,NA,,NA,,NA,,NA,,NA,,NA,,NA,,NA,,NA,,NA,,NA,,NA,,NA,,NA,,NA,,NA,,NA,,NA,,NA,,NA,,NA,,NA,,NA,,NA,,NA,,NA,,NA,,NA,,NA,,NA,,NA,,NA,,NA,,NA,,NA,,NA,,NA,,NA,,NA,,NA,,NA,,NA,,NA,,NA,,NA,,NA,,NA,,NA,,NA,,NA,,NA,,NA,,NA,,NA,,NA,,NA,,NA,,NA,,NA,,NA,,NA,,NA,,NA,,NA,,NA,,NA,,NA,,NA,,NA,,NA,,NA,,NA,,NA,,NA,,NA,,NA,,NA,,NA,,NA,,NA,,NA,,NA,,NA,,NA,,NA,,NA,,NA,,NA,,NA,,NA,,NA,,NA,,NA,,NA,,NA,,NA,,NA,,NA,,NA,,NA,,NA,,NA,,NA,,NA,,NA,,NA,,NA,,NA,,NA,,NA,,NA,,NA,,NA,,NA,,NA,,NA,,NA,,NA,,NA,,NA,,NA,,NA,,NA,,NA,,NA,,NA,,NA,,NA,,NA,,NA,,NA,,NA,,NA,,NA,,NA,,NA,,NA,,NA,,NA,,NA,,NA,,NA,,NA,,NA,,NA,,NA,,NA,,NA,,NA,,NA,,NA,,NA,,NA,,NA,,NA,,NA,,NA,,NA,,NA,,NA,,NA,,NA,,NA,,NA,,NA,,NA,,NA,,NA,,0.98,3162 (1.0),99.6,0.0,0.4,96.80,96.93
Miller-Plate70-E10,,2419,2160 (89.29%),65 (2.69%),96.6%,-6,529 (21.9%),-15,400 (16.5%),-7,196 (8.1%),1,151 (6.2%),-3,136 (5.6%),-1,134 (5.5%),-2,95 (3.9%),0,83 (3.4%),-9,59 (2.4%),-21,43 (1.8%),-12,39 (1.6%),-10,37 (1.5%),-16,33 (1.4%),-13,23 (1.0%),-36,22 (0.9%),-4,21 (0.9%),-14,21 (0.9%),-8,20 (0.8%),-5,17 (0.7%),-242,16 (0.7%),-63,16 (0.7%),-18,15 (0.6%),-116,15 (0.6%),-11,14 (0.6%),-160,14 (0.6%),-149,10 (0.4%),2,9 (0.4%),-24,9 (0.4%),-72,8 (0.3%),-27,8 (0.3%),-17,8 (0.3%),-81,7 (0.3%),-33,7 (0.3%),-80,7 (0.3%),-60,7 (0.3%),-78,6 (0.2%),-186,6 (0.2%),-126,5 (0.2%),-19,5 (0.2%),-51,5 (0.2%),-39,5 (0.2%),-200,5 (0.2%),-52,4 (0.2%),-96,4 (0.2%),-54,4 (0.2%),3,4 (0.2%),6,4 (0.2%),-25,4 (0.2%),-66,4 (0.2%),-50,4 (0.2%),-35,3 (0.1%),-113,3 (0.1%),-32,3 (0.1%),-105,3 (0.1%),-103,3 (0.1%),-26,3 (0.1%),-30,3 (0.1%),-153,3 (0.1%),-22,3 (0.1%),-46,3 (0.1%),-165,2 (0.1%),13,2 (0.1%),-42,2 (0.1%),32,2 (0.1%),-31,2 (0.1%),9,2 (0.1%),-156,2 (0.1%),-58,2 (0.1%),-61,2 (0.1%),-70,2 (0.1%),-189,2 (0.1%),-53,2 (0.1%),-48,2 (0.1%),-151,2 (0.1%),-76,2 (0.1%),-117,2 (0.1%),-57,2 (0.1%),33,2 (0.1%),-87,2 (0.1%),-93,2 (0.1%),-100,2 (0.1%),-167,2 (0.1%),40,2 (0.1%),-82,2 (0.1%),-28,2 (0.1%),25,1 (0.0%),-43,1 (0.0%),-162,1 (0.0%),-45,1 (0.0%),-71,1 (0.0%),-55,1 (0.0%),-128,1 (0.0%),20,1 (0.0%),-23,1 (0.0%),-69,1 (0.0%),-95,1 (0.0%),91,1 (0.0%),-106,1 (0.0%),75,1 (0.0%),-34,1 (0.0%),-38,1 (0.0%),-29,1 (0.0%),-145,1 (0.0%),-119,1 (0.0%),46,1 (0.0%),-44,1 (0.0%),45,1 (0.0%),-79,1 (0.0%),-37,1 (0.0%),-75,1 (0.0%),-90,1 (0.0%),-20,1 (0.0%),-109,1 (0.0%),15,1 (0.0%),-120,1 (0.0%),90,1 (0.0%),-56,1 (0.0%),4,1 (0.0%),-49,1 (0.0%),27,1 (0.0%),36,1 (0.0%),51,1 (0.0%),-146,1 (0.0%),5,1 (0.0%),53,1 (0.0%),-158,1 (0.0%),NA,,NA,,NA,,NA,,NA,,NA,,NA,,NA,,NA,,NA,,NA,,NA,,NA,,NA,,NA,,NA,,NA,,NA,,NA,,NA,,NA,,NA,,NA,,NA,,NA,,NA,,NA,,NA,,NA,,NA,,NA,,NA,,NA,,NA,,NA,,NA,,NA,,NA,,NA,,NA,,NA,,NA,,NA,,NA,,NA,,NA,,NA,,NA,,NA,,NA,,NA,,NA,,NA,,NA,,NA,,NA,,NA,,NA,,NA,,NA,,NA,,NA,,NA,,NA,,NA,,NA,,NA,,NA,,NA,,NA,,NA,,NA,,NA,,NA,,0.95,2329 (1.1),3.4,57.7,38.9,89.29,2.69
Miller-Plate70-E11,,2994,2676 (89.38%),64 (2.14%),97.3%,-6,667 (22.3%),-15,471 (15.7%),-7,277 (9.3%),1,203 (6.8%),-1,152 (5.1%),-3,130 (4.3%),-2,114 (3.8%),0,82 (2.7%),-16,69 (2.3%),-12,63 (2.1%),-9,59 (2.0%),-4,37 (1.2%),-13,35 (1.2%),-21,31 (1.0%),-18,29 (1.0%),-10,29 (1.0%),-36,26 (0.9%),-11,26 (0.9%),-8,22 (0.7%),-14,21 (0.7%),-5,18 (0.6%),-17,17 (0.6%),-116,17 (0.6%),-181,16 (0.5%),-72,14 (0.5%),-27,14 (0.5%),2,11 (0.4%),-163,11 (0.4%),-24,10 (0.3%),-63,10 (0.3%),-30,9 (0.3%),-25,9 (0.3%),3,9 (0.3%),-166,8 (0.3%),-33,8 (0.3%),-66,7 (0.2%),-148,7 (0.2%),-60,7 (0.2%),-78,6 (0.2%),-185,6 (0.2%),-87,6 (0.2%),-95,6 (0.2%),-138,6 (0.2%),-39,6 (0.2%),-19,6 (0.2%),-159,6 (0.2%),-169,6 (0.2%),-51,5 (0.2%),-75,5 (0.2%),-52,5 (0.2%),-53,5 (0.2%),-154,4 (0.1%),-204,4 (0.1%),-42,4 (0.1%),-74,4 (0.1%),-120,4 (0.1%),-93,4 (0.1%),-135,3 (0.1%),-121,3 (0.1%),-123,3 (0.1%),-23,3 (0.1%),-156,3 (0.1%),-81,3 (0.1%),-54,3 (0.1%),-34,3 (0.1%),-69,3 (0.1%),-45,3 (0.1%),-143,3 (0.1%),-211,3 (0.1%),-97,3 (0.1%),-31,3 (0.1%),-142,3 (0.1%),-101,3 (0.1%),-140,3 (0.1%),-109,2 (0.1%),-170,2 (0.1%),-96,2 (0.1%),-79,2 (0.1%),14,2 (0.1%),-94,2 (0.1%),-89,2 (0.1%),-32,2 (0.1%),-122,2 (0.1%),-147,2 (0.1%),-103,2 (0.1%),-67,2 (0.1%),-43,2 (0.1%),-216,2 (0.1%),-76,2 (0.1%),-152,2 (0.1%),56,2 (0.1%),-41,2 (0.1%),-80,2 (0.1%),-149,2 (0.1%),-104,2 (0.1%),63,1 (0.0%),-224,1 (0.0%),-84,1 (0.0%),-203,1 (0.0%),74,1 (0.0%),9,1 (0.0%),38,1 (0.0%),-164,1 (0.0%),-194,1 (0.0%),-145,1 (0.0%),-114,1 (0.0%),-44,1 (0.0%),-215,1 (0.0%),-213,1 (0.0%),21,1 (0.0%),42,1 (0.0%),-58,1 (0.0%),-162,1 (0.0%),-85,1 (0.0%),-82,1 (0.0%),-127,1 (0.0%),-28,1 (0.0%),-59,1 (0.0%),-153,1 (0.0%),-70,1 (0.0%),-98,1 (0.0%),4,1 (0.0%),-132,1 (0.0%),-71,1 (0.0%),64,1 (0.0%),62,1 (0.0%),-35,1 (0.0%),-129,1 (0.0%),-50,1 (0.0%),-57,1 (0.0%),-99,1 (0.0%),51,1 (0.0%),-20,1 (0.0%),17,1 (0.0%),-90,1 (0.0%),8,1 (0.0%),-201,1 (0.0%),27,1 (0.0%),44,1 (0.0%),22,1 (0.0%),6,1 (0.0%),33,1 (0.0%),-175,1 (0.0%),83,1 (0.0%),-48,1 (0.0%),36,1 (0.0%),-115,1 (0.0%),-38,1 (0.0%),19,1 (0.0%),-73,1 (0.0%),39,1 (0.0%),54,1 (0.0%),-88,1 (0.0%),NA,,NA,,NA,,NA,,NA,,NA,,NA,,NA,,NA,,NA,,NA,,NA,,NA,,NA,,NA,,NA,,NA,,NA,,NA,,NA,,NA,,NA,,NA,,NA,,NA,,NA,,NA,,NA,,NA,,NA,,NA,,NA,,NA,,NA,,NA,,NA,,NA,,NA,,NA,,NA,,NA,,NA,,NA,,NA,,NA,,NA,,NA,,0.96,2852 (1.1),2.7,55.8,41.5,89.38,2.14
Miller-Plate70-E12,,1780,1616 (90.79%),24 (1.35%),98.2%,-6,400 (22.5%),-15,315 (17.7%),-7,142 (8.0%),1,111 (6.2%),-3,96 (5.4%),-1,94 (5.3%),-2,65 (3.7%),-9,43 (2.4%),-16,35 (2.0%),-12,33 (1.9%),0,32 (1.8%),-21,22 (1.2%),-8,21 (1.2%),-13,19 (1.1%),-10,19 (1.1%),-14,18 (1.0%),-11,16 (0.9%),-36,12 (0.7%),2,12 (0.7%),-4,11 (0.6%),-5,10 (0.6%),-189,9 (0.5%),-18,9 (0.5%),-19,8 (0.4%),-72,8 (0.4%),-168,7 (0.4%),-116,7 (0.4%),-24,6 (0.3%),-158,6 (0.3%),-63,6 (0.3%),-154,6 (0.3%),-27,6 (0.3%),-105,6 (0.3%),-39,6 (0.3%),-194,5 (0.3%),-66,5 (0.3%),3,5 (0.3%),-28,5 (0.3%),-71,4 (0.2%),-217,4 (0.2%),-17,4 (0.2%),-20,4 (0.2%),-82,4 (0.2%),-30,4 (0.2%),-25,4 (0.2%),-75,4 (0.2%),-23,4 (0.2%),-33,3 (0.2%),-173,3 (0.2%),-84,3 (0.2%),-200,3 (0.2%),-109,3 (0.2%),-182,3 (0.2%),-95,3 (0.2%),-60,3 (0.2%),-22,3 (0.2%),69,2 (0.1%),-92,2 (0.1%),-62,2 (0.1%),-46,2 (0.1%),63,2 (0.1%),-146,2 (0.1%),-123,2 (0.1%),-34,2 (0.1%),-179,2 (0.1%),34,2 (0.1%),-53,2 (0.1%),5,2 (0.1%),-42,2 (0.1%),-178,2 (0.1%),-150,2 (0.1%),-155,2 (0.1%),-58,2 (0.1%),51,2 (0.1%),-81,2 (0.1%),-111,2 (0.1%),-79,2 (0.1%),7,2 (0.1%),49,1 (0.1%),37,1 (0.1%),-31,1 (0.1%),-87,1 (0.1%),-26,1 (0.1%),-29,1 (0.1%),-149,1 (0.1%),-78,1 (0.1%),82,1 (0.1%),-151,1 (0.1%),33,1 (0.1%),6,1 (0.1%),56,1 (0.1%),-54,1 (0.1%),22,1 (0.1%),-52,1 (0.1%),-83,1 (0.1%),20,1 (0.1%),58,1 (0.1%),-50,1 (0.1%),41,1 (0.1%),-37,1 (0.1%),-61,1 (0.1%),-45,1 (0.1%),11,1 (0.1%),-121,1 (0.1%),-51,1 (0.1%),-107,1 (0.1%),-85,1 (0.1%),-86,1 (0.1%),-65,1 (0.1%),-40,1 (0.1%),-147,1 (0.1%),-103,1 (0.1%),62,1 (0.1%),-152,1 (0.1%),-143,1 (0.1%),NA,,NA,,NA,,NA,,NA,,NA,,NA,,NA,,NA,,NA,,NA,,NA,,NA,,NA,,NA,,NA,,NA,,NA,,NA,,NA,,NA,,NA,,NA,,NA,,NA,,NA,,NA,,NA,,NA,,NA,,NA,,NA,,NA,,NA,,NA,,NA,,NA,,NA,,NA,,NA,,NA,,NA,,NA,,NA,,NA,,NA,,NA,,NA,,NA,,NA,,NA,,NA,,NA,,NA,,NA,,NA,,NA,,NA,,NA,,NA,,NA,,NA,,NA,,NA,,NA,,NA,,NA,,NA,,NA,,NA,,NA,,NA,,NA,,NA,,NA,,NA,,NA,,NA,,NA,,NA,,NA,,NA,,NA,,NA,,NA,,0.96,1715 (1.1),1.8,58.1,40.1,90.79,1.35
