Name,Sample,Total,g6,g10,Total_indel,#1-Indel,#1-Reads(%),#2-Indel,#2-Reads(%),#3-Indel,#3-Reads(%),#4-Indel,#4-Reads(%),#5-Indel,#5-Reads(%),#6-Indel,#6-Reads(%),#7-Indel,#7-Reads(%),#8-Indel,#8-Reads(%),#9-Indel,#9-Reads(%),#10-Indel,#10-Reads(%),#11-Indel,#11-Reads(%),#12-Indel,#12-Reads(%),#13-Indel,#13-Reads(%),#14-Indel,#14-Reads(%),#15-Indel,#15-Reads(%),#16-Indel,#16-Reads(%),#17-Indel,#17-Reads(%),#18-Indel,#18-Reads(%),#19-Indel,#19-Reads(%),#20-Indel,#20-Reads(%),#21-Indel,#21-Reads(%),#22-Indel,#22-Reads(%),#23-Indel,#23-Reads(%),#24-Indel,#24-Reads(%),#25-Indel,#25-Reads(%),#26-Indel,#26-Reads(%),#27-Indel,#27-Reads(%),#28-Indel,#28-Reads(%),#29-Indel,#29-Reads(%),#30-Indel,#30-Reads(%),#31-Indel,#31-Reads(%),#32-Indel,#32-Reads(%),#33-Indel,#33-Reads(%),#34-Indel,#34-Reads(%),#35-Indel,#35-Reads(%),#36-Indel,#36-Reads(%),#37-Indel,#37-Reads(%),#38-Indel,#38-Reads(%),#39-Indel,#39-Reads(%),#40-Indel,#40-Reads(%),#41-Indel,#41-Reads(%),#42-Indel,#42-Reads(%),#43-Indel,#43-Reads(%),#44-Indel,#44-Reads(%),#45-Indel,#45-Reads(%),#46-Indel,#46-Reads(%),#47-Indel,#47-Reads(%),#48-Indel,#48-Reads(%),#49-Indel,#49-Reads(%),#50-Indel,#50-Reads(%),#51-Indel,#51-Reads(%),#52-Indel,#52-Reads(%),#53-Indel,#53-Reads(%),#54-Indel,#54-Reads(%),#55-Indel,#55-Reads(%),#56-Indel,#56-Reads(%),#57-Indel,#57-Reads(%),#58-Indel,#58-Reads(%),#59-Indel,#59-Reads(%),#60-Indel,#60-Reads(%),#61-Indel,#61-Reads(%),#62-Indel,#62-Reads(%),#63-Indel,#63-Reads(%),#64-Indel,#64-Reads(%),#65-Indel,#65-Reads(%),#66-Indel,#66-Reads(%),#67-Indel,#67-Reads(%),#68-Indel,#68-Reads(%),#69-Indel,#69-Reads(%),#70-Indel,#70-Reads(%),#71-Indel,#71-Reads(%),#72-Indel,#72-Reads(%),#73-Indel,#73-Reads(%),#74-Indel,#74-Reads(%),#75-Indel,#75-Reads(%),#76-Indel,#76-Reads(%),#77-Indel,#77-Reads(%),#78-Indel,#78-Reads(%),#79-Indel,#79-Reads(%),#80-Indel,#80-Reads(%),#81-Indel,#81-Reads(%),#82-Indel,#82-Reads(%),#83-Indel,#83-Reads(%),#84-Indel,#84-Reads(%),#85-Indel,#85-Reads(%),#86-Indel,#86-Reads(%),#87-Indel,#87-Reads(%),#88-Indel,#88-Reads(%),#89-Indel,#89-Reads(%),#90-Indel,#90-Reads(%),#91-Indel,#91-Reads(%),#92-Indel,#92-Reads(%),#93-Indel,#93-Reads(%),#94-Indel,#94-Reads(%),#95-Indel,#95-Reads(%),#96-Indel,#96-Reads(%),#97-Indel,#97-Reads(%),#98-Indel,#98-Reads(%),#99-Indel,#99-Reads(%),#100-Indel,#100-Reads(%),#101-Indel,#101-Reads(%),#102-Indel,#102-Reads(%),#103-Indel,#103-Reads(%),#104-Indel,#104-Reads(%),#105-Indel,#105-Reads(%),#106-Indel,#106-Reads(%),#107-Indel,#107-Reads(%),#108-Indel,#108-Reads(%),#109-Indel,#109-Reads(%),#110-Indel,#110-Reads(%),#111-Indel,#111-Reads(%),#112-Indel,#112-Reads(%),#113-Indel,#113-Reads(%),#114-Indel,#114-Reads(%),#115-Indel,#115-Reads(%),#116-Indel,#116-Reads(%),#117-Indel,#117-Reads(%),#118-Indel,#118-Reads(%),#119-Indel,#119-Reads(%),#120-Indel,#120-Reads(%),#121-Indel,#121-Reads(%),#122-Indel,#122-Reads(%),#123-Indel,#123-Reads(%),#124-Indel,#124-Reads(%),#125-Indel,#125-Reads(%),#126-Indel,#126-Reads(%),#127-Indel,#127-Reads(%),#128-Indel,#128-Reads(%),#129-Indel,#129-Reads(%),#130-Indel,#130-Reads(%),#131-Indel,#131-Reads(%),#132-Indel,#132-Reads(%),#133-Indel,#133-Reads(%),#134-Indel,#134-Reads(%),#135-Indel,#135-Reads(%),#136-Indel,#136-Reads(%),#137-Indel,#137-Reads(%),#138-Indel,#138-Reads(%),#139-Indel,#139-Reads(%),#140-Indel,#140-Reads(%),#141-Indel,#141-Reads(%),#142-Indel,#142-Reads(%),#143-Indel,#143-Reads(%),#144-Indel,#144-Reads(%),#145-Indel,#145-Reads(%),#146-Indel,#146-Reads(%),#147-Indel,#147-Reads(%),#148-Indel,#148-Reads(%),#149-Indel,#149-Reads(%),#150-Indel,#150-Reads(%),#151-Indel,#151-Reads(%),#152-Indel,#152-Reads(%),#153-Indel,#153-Reads(%),#154-Indel,#154-Reads(%),#155-Indel,#155-Reads(%),#156-Indel,#156-Reads(%),#157-Indel,#157-Reads(%),#158-Indel,#158-Reads(%),#159-Indel,#159-Reads(%),#160-Indel,#160-Reads(%),#161-Indel,#161-Reads(%),#162-Indel,#162-Reads(%),#163-Indel,#163-Reads(%),#164-Indel,#164-Reads(%),#165-Indel,#165-Reads(%),#166-Indel,#166-Reads(%),#167-Indel,#167-Reads(%),#168-Indel,#168-Reads(%),#169-Indel,#169-Reads(%),#170-Indel,#170-Reads(%),#171-Indel,#171-Reads(%),#172-Indel,#172-Reads(%),#173-Indel,#173-Reads(%),#174-Indel,#174-Reads(%),#175-Indel,#175-Reads(%),#176-Indel,#176-Reads(%),#177-Indel,#177-Reads(%),#178-Indel,#178-Reads(%),#179-Indel,#179-Reads(%),#180-Indel,#180-Reads(%),#181-Indel,#181-Reads(%),#182-Indel,#182-Reads(%),#183-Indel,#183-Reads(%),#184-Indel,#184-Reads(%),#185-Indel,#185-Reads(%),#186-Indel,#186-Reads(%),#187-Indel,#187-Reads(%),#188-Indel,#188-Reads(%),#189-Indel,#189-Reads(%),#190-Indel,#190-Reads(%),#191-Indel,#191-Reads(%),#192-Indel,#192-Reads(%),#193-Indel,#193-Reads(%),#194-Indel,#194-Reads(%),#195-Indel,#195-Reads(%),#196-Indel,#196-Reads(%),#197-Indel,#197-Reads(%),#198-Indel,#198-Reads(%),#199-Indel,#199-Reads(%),#200-Indel,#200-Reads(%),SNP_test,raw_wt_counter,0bp,In-frame,Out-of-frame,%g6,%g10
Miller-Plate72-A09,,2818,2610 (92.62%),2646 (93.90%),4.1%,0,2702 (95.9%),-1,91 (3.2%),1,10 (0.4%),-2,7 (0.2%),-3,7 (0.2%),3,1 (0.0%),NA,,NA,,NA,,NA,,NA,,NA,,NA,,NA,,NA,,NA,,NA,,NA,,NA,,NA,,NA,,NA,,NA,,NA,,NA,,NA,,NA,,NA,,NA,,NA,,NA,,NA,,NA,,NA,,NA,,NA,,NA,,NA,,NA,,NA,,NA,,NA,,NA,,NA,,NA,,NA,,NA,,NA,,NA,,NA,,NA,,NA,,NA,,NA,,NA,,NA,,NA,,NA,,NA,,NA,,NA,,NA,,NA,,NA,,NA,,NA,,NA,,NA,,NA,,NA,,NA,,NA,,NA,,NA,,NA,,NA,,NA,,NA,,NA,,NA,,NA,,NA,,NA,,NA,,NA,,NA,,NA,,NA,,NA,,NA,,NA,,NA,,NA,,NA,,NA,,NA,,NA,,NA,,NA,,NA,,NA,,NA,,NA,,NA,,NA,,NA,,NA,,NA,,NA,,NA,,NA,,NA,,NA,,NA,,NA,,NA,,NA,,NA,,NA,,NA,,NA,,NA,,NA,,NA,,NA,,NA,,NA,,NA,,NA,,NA,,NA,,NA,,NA,,NA,,NA,,NA,,NA,,NA,,NA,,NA,,NA,,NA,,NA,,NA,,NA,,NA,,NA,,NA,,NA,,NA,,NA,,NA,,NA,,NA,,NA,,NA,,NA,,NA,,NA,,NA,,NA,,NA,,NA,,NA,,NA,,NA,,NA,,NA,,NA,,NA,,NA,,NA,,NA,,NA,,NA,,NA,,NA,,NA,,NA,,NA,,NA,,NA,,NA,,NA,,NA,,NA,,NA,,NA,,NA,,NA,,NA,,NA,,NA,,NA,,NA,,NA,,NA,,NA,,NA,,NA,,1.00,2831 (1.1),95.9,0.3,3.8,92.62,93.90
Miller-Plate72-A10,,2753,2543 (92.37%),31 (1.13%),97.7%,-1,857 (31.1%),-2,288 (10.5%),-3,238 (8.6%),1,215 (7.8%),-9,194 (7.0%),-4,138 (5.0%),-18,75 (2.7%),-10,70 (2.5%),0,62 (2.3%),-5,55 (2.0%),-8,51 (1.9%),-12,48 (1.7%),-11,43 (1.6%),-27,37 (1.3%),-13,32 (1.2%),2,27 (1.0%),-14,25 (0.9%),-6,21 (0.8%),-15,19 (0.7%),-19,19 (0.7%),-28,13 (0.5%),-26,12 (0.4%),-7,11 (0.4%),-16,9 (0.3%),-17,9 (0.3%),-21,8 (0.3%),-23,7 (0.3%),-41,7 (0.3%),-25,7 (0.3%),-43,7 (0.3%),-20,7 (0.3%),-22,6 (0.2%),-36,6 (0.2%),-33,6 (0.2%),69,6 (0.2%),-39,5 (0.2%),-24,5 (0.2%),-51,4 (0.1%),66,4 (0.1%),70,4 (0.1%),-37,3 (0.1%),3,3 (0.1%),57,3 (0.1%),-35,3 (0.1%),20,2 (0.1%),53,2 (0.1%),-71,2 (0.1%),-42,2 (0.1%),-31,2 (0.1%),44,2 (0.1%),-80,2 (0.1%),14,2 (0.1%),-29,2 (0.1%),65,2 (0.1%),-99,2 (0.1%),-50,2 (0.1%),-46,2 (0.1%),-53,2 (0.1%),-40,2 (0.1%),-44,2 (0.1%),61,2 (0.1%),-55,2 (0.1%),-56,1 (0.0%),-73,1 (0.0%),59,1 (0.0%),-106,1 (0.0%),45,1 (0.0%),-66,1 (0.0%),-45,1 (0.0%),-60,1 (0.0%),-52,1 (0.0%),-30,1 (0.0%),116,1 (0.0%),-78,1 (0.0%),29,1 (0.0%),72,1 (0.0%),73,1 (0.0%),-34,1 (0.0%),-49,1 (0.0%),-47,1 (0.0%),63,1 (0.0%),36,1 (0.0%),-38,1 (0.0%),87,1 (0.0%),52,1 (0.0%),-92,1 (0.0%),-63,1 (0.0%),60,1 (0.0%),50,1 (0.0%),-105,1 (0.0%),-61,1 (0.0%),-108,1 (0.0%),64,1 (0.0%),67,1 (0.0%),40,1 (0.0%),-123,1 (0.0%),-74,1 (0.0%),-114,1 (0.0%),-82,1 (0.0%),4,1 (0.0%),-72,1 (0.0%),111,1 (0.0%),42,1 (0.0%),-111,1 (0.0%),6,1 (0.0%),62,1 (0.0%),-84,1 (0.0%),-87,1 (0.0%),-120,1 (0.0%),26,1 (0.0%),NA,,NA,,NA,,NA,,NA,,NA,,NA,,NA,,NA,,NA,,NA,,NA,,NA,,NA,,NA,,NA,,NA,,NA,,NA,,NA,,NA,,NA,,NA,,NA,,NA,,NA,,NA,,NA,,NA,,NA,,NA,,NA,,NA,,NA,,NA,,NA,,NA,,NA,,NA,,NA,,NA,,NA,,NA,,NA,,NA,,NA,,NA,,NA,,NA,,NA,,NA,,NA,,NA,,NA,,NA,,NA,,NA,,NA,,NA,,NA,,NA,,NA,,NA,,NA,,NA,,NA,,NA,,NA,,NA,,NA,,NA,,NA,,NA,,NA,,NA,,NA,,NA,,NA,,NA,,NA,,NA,,NA,,NA,,NA,,NA,,NA,,NA,,NA,,NA,,NA,,1.00,2756 (1.1),2.3,25.8,72.0,92.37,1.13
Miller-Plate72-A11,,1694,1523 (89.91%),15 (0.89%),98.1%,-1,526 (31.1%),-2,177 (10.4%),-3,155 (9.1%),1,143 (8.4%),-9,100 (5.9%),-4,90 (5.3%),-18,57 (3.4%),-5,35 (2.1%),0,32 (1.9%),-12,30 (1.8%),-10,30 (1.8%),-11,29 (1.7%),-13,22 (1.3%),-27,18 (1.1%),-14,18 (1.1%),-15,15 (0.9%),-8,15 (0.9%),-6,14 (0.8%),2,13 (0.8%),-28,11 (0.6%),-7,10 (0.6%),-19,9 (0.5%),-26,9 (0.5%),-22,8 (0.5%),-16,6 (0.4%),3,5 (0.3%),-17,5 (0.3%),-37,5 (0.3%),-29,5 (0.3%),-43,4 (0.2%),-21,4 (0.2%),-72,4 (0.2%),-51,4 (0.2%),-25,4 (0.2%),68,3 (0.2%),-24,3 (0.2%),-44,3 (0.2%),-30,3 (0.2%),67,3 (0.2%),65,2 (0.1%),64,2 (0.1%),-106,2 (0.1%),-45,2 (0.1%),-57,2 (0.1%),-41,2 (0.1%),-54,2 (0.1%),66,2 (0.1%),-47,2 (0.1%),-23,2 (0.1%),33,2 (0.1%),-20,2 (0.1%),-33,2 (0.1%),-31,2 (0.1%),-102,2 (0.1%),-71,1 (0.1%),-55,1 (0.1%),-59,1 (0.1%),-88,1 (0.1%),50,1 (0.1%),55,1 (0.1%),-69,1 (0.1%),43,1 (0.1%),-86,1 (0.1%),-40,1 (0.1%),-77,1 (0.1%),-36,1 (0.1%),-38,1 (0.1%),14,1 (0.1%),-48,1 (0.1%),-39,1 (0.1%),-90,1 (0.1%),-62,1 (0.1%),-63,1 (0.1%),101,1 (0.1%),6,1 (0.1%),70,1 (0.1%),-141,1 (0.1%),97,1 (0.1%),-91,1 (0.1%),83,1 (0.1%),-76,1 (0.1%),-94,1 (0.1%),56,1 (0.1%),-100,1 (0.1%),-34,1 (0.1%),-110,1 (0.1%),22,1 (0.1%),-42,1 (0.1%),58,1 (0.1%),-87,1 (0.1%),-61,1 (0.1%),NA,,NA,,NA,,NA,,NA,,NA,,NA,,NA,,NA,,NA,,NA,,NA,,NA,,NA,,NA,,NA,,NA,,NA,,NA,,NA,,NA,,NA,,NA,,NA,,NA,,NA,,NA,,NA,,NA,,NA,,NA,,NA,,NA,,NA,,NA,,NA,,NA,,NA,,NA,,NA,,NA,,NA,,NA,,NA,,NA,,NA,,NA,,NA,,NA,,NA,,NA,,NA,,NA,,NA,,NA,,NA,,NA,,NA,,NA,,NA,,NA,,NA,,NA,,NA,,NA,,NA,,NA,,NA,,NA,,NA,,NA,,NA,,NA,,NA,,NA,,NA,,NA,,NA,,NA,,NA,,NA,,NA,,NA,,NA,,NA,,NA,,NA,,NA,,NA,,NA,,NA,,NA,,NA,,NA,,NA,,NA,,NA,,NA,,NA,,NA,,NA,,NA,,NA,,NA,,NA,,NA,,NA,,NA,,NA,,1.02,1622 (1.1),1.9,25.7,72.4,89.91,0.89
Miller-Plate72-A12,,2118,1951 (92.12%),15 (0.71%),98.8%,-1,651 (30.7%),-3,218 (10.3%),-2,203 (9.6%),1,183 (8.6%),-9,156 (7.4%),-4,115 (5.4%),-18,55 (2.6%),-10,54 (2.5%),-5,46 (2.2%),-11,34 (1.6%),-12,27 (1.3%),-8,27 (1.3%),0,26 (1.2%),-6,26 (1.2%),-14,23 (1.1%),-27,21 (1.0%),2,19 (0.9%),-13,18 (0.8%),-7,15 (0.7%),-16,15 (0.7%),-26,11 (0.5%),-28,11 (0.5%),-19,10 (0.5%),-15,9 (0.4%),-21,9 (0.4%),-17,8 (0.4%),-37,7 (0.3%),-35,6 (0.3%),-20,6 (0.3%),-24,6 (0.3%),-45,5 (0.2%),-22,5 (0.2%),-72,4 (0.2%),-33,4 (0.2%),-25,4 (0.2%),-36,3 (0.1%),3,3 (0.1%),-51,3 (0.1%),28,3 (0.1%),-59,3 (0.1%),-30,3 (0.1%),69,2 (0.1%),63,2 (0.1%),-31,2 (0.1%),-38,2 (0.1%),19,2 (0.1%),-29,2 (0.1%),-60,2 (0.1%),-41,2 (0.1%),57,2 (0.1%),67,2 (0.1%),64,1 (0.0%),-61,1 (0.0%),-42,1 (0.0%),-81,1 (0.0%),6,1 (0.0%),68,1 (0.0%),-97,1 (0.0%),71,1 (0.0%),-102,1 (0.0%),-87,1 (0.0%),-44,1 (0.0%),-53,1 (0.0%),23,1 (0.0%),54,1 (0.0%),56,1 (0.0%),37,1 (0.0%),-130,1 (0.0%),108,1 (0.0%),-88,1 (0.0%),-71,1 (0.0%),32,1 (0.0%),115,1 (0.0%),-23,1 (0.0%),89,1 (0.0%),-78,1 (0.0%),-39,1 (0.0%),48,1 (0.0%),52,1 (0.0%),100,1 (0.0%),62,1 (0.0%),-46,1 (0.0%),-90,1 (0.0%),73,1 (0.0%),36,1 (0.0%),-68,1 (0.0%),-91,1 (0.0%),46,1 (0.0%),-48,1 (0.0%),-40,1 (0.0%),-34,1 (0.0%),-57,1 (0.0%),44,1 (0.0%),34,1 (0.0%),NA,,NA,,NA,,NA,,NA,,NA,,NA,,NA,,NA,,NA,,NA,,NA,,NA,,NA,,NA,,NA,,NA,,NA,,NA,,NA,,NA,,NA,,NA,,NA,,NA,,NA,,NA,,NA,,NA,,NA,,NA,,NA,,NA,,NA,,NA,,NA,,NA,,NA,,NA,,NA,,NA,,NA,,NA,,NA,,NA,,NA,,NA,,NA,,NA,,NA,,NA,,NA,,NA,,NA,,NA,,NA,,NA,,NA,,NA,,NA,,NA,,NA,,NA,,NA,,NA,,NA,,NA,,NA,,NA,,NA,,NA,,NA,,NA,,NA,,NA,,NA,,NA,,NA,,NA,,NA,,NA,,NA,,NA,,NA,,NA,,NA,,NA,,NA,,NA,,NA,,NA,,NA,,NA,,NA,,NA,,NA,,NA,,NA,,NA,,NA,,NA,,NA,,NA,,NA,,NA,,NA,,1.02,2085 (1.1),1.2,27.1,71.7,92.12,0.71
Miller-Plate72-B09,,2288,2144 (93.71%),2127 (92.96%),4.6%,0,2182 (95.4%),-1,82 (3.6%),1,12 (0.5%),-3,6 (0.3%),-2,6 (0.3%),NA,,NA,,NA,,NA,,NA,,NA,,NA,,NA,,NA,,NA,,NA,,NA,,NA,,NA,,NA,,NA,,NA,,NA,,NA,,NA,,NA,,NA,,NA,,NA,,NA,,NA,,NA,,NA,,NA,,NA,,NA,,NA,,NA,,NA,,NA,,NA,,NA,,NA,,NA,,NA,,NA,,NA,,NA,,NA,,NA,,NA,,NA,,NA,,NA,,NA,,NA,,NA,,NA,,NA,,NA,,NA,,NA,,NA,,NA,,NA,,NA,,NA,,NA,,NA,,NA,,NA,,NA,,NA,,NA,,NA,,NA,,NA,,NA,,NA,,NA,,NA,,NA,,NA,,NA,,NA,,NA,,NA,,NA,,NA,,NA,,NA,,NA,,NA,,NA,,NA,,NA,,NA,,NA,,NA,,NA,,NA,,NA,,NA,,NA,,NA,,NA,,NA,,NA,,NA,,NA,,NA,,NA,,NA,,NA,,NA,,NA,,NA,,NA,,NA,,NA,,NA,,NA,,NA,,NA,,NA,,NA,,NA,,NA,,NA,,NA,,NA,,NA,,NA,,NA,,NA,,NA,,NA,,NA,,NA,,NA,,NA,,NA,,NA,,NA,,NA,,NA,,NA,,NA,,NA,,NA,,NA,,NA,,NA,,NA,,NA,,NA,,NA,,NA,,NA,,NA,,NA,,NA,,NA,,NA,,NA,,NA,,NA,,NA,,NA,,NA,,NA,,NA,,NA,,NA,,NA,,NA,,NA,,NA,,NA,,NA,,NA,,NA,,NA,,NA,,NA,,NA,,NA,,NA,,NA,,NA,,NA,,NA,,NA,,NA,,NA,,NA,,NA,,NA,,NA,,NA,,1.00,2342 (1.1),95.4,0.3,4.4,93.71,92.96
Miller-Plate72-B10,,2254,2033 (90.20%),26 (1.15%),97.4%,-1,560 (24.8%),-3,309 (13.7%),-9,245 (10.9%),-2,197 (8.7%),1,159 (7.1%),-4,116 (5.1%),-18,78 (3.5%),0,58 (2.6%),-12,41 (1.8%),-6,36 (1.6%),-27,36 (1.6%),-10,36 (1.6%),-5,30 (1.3%),-11,29 (1.3%),-8,27 (1.2%),-15,25 (1.1%),-21,18 (0.8%),-7,17 (0.8%),-14,17 (0.8%),-19,15 (0.7%),-28,13 (0.6%),-16,12 (0.5%),2,11 (0.5%),-13,11 (0.5%),-20,8 (0.4%),3,8 (0.4%),-17,7 (0.3%),-36,7 (0.3%),-23,6 (0.3%),-24,6 (0.3%),-26,5 (0.2%),-39,5 (0.2%),-30,4 (0.2%),-29,4 (0.2%),-22,4 (0.2%),-44,4 (0.2%),-51,3 (0.1%),-42,3 (0.1%),-32,3 (0.1%),-57,3 (0.1%),-84,3 (0.1%),-72,3 (0.1%),67,3 (0.1%),-50,3 (0.1%),73,3 (0.1%),-34,3 (0.1%),-45,3 (0.1%),65,2 (0.1%),68,2 (0.1%),-33,2 (0.1%),66,2 (0.1%),30,2 (0.1%),-61,2 (0.1%),70,2 (0.1%),6,2 (0.1%),-60,2 (0.1%),44,1 (0.0%),59,1 (0.0%),22,1 (0.0%),63,1 (0.0%),-102,1 (0.0%),-40,1 (0.0%),69,1 (0.0%),-37,1 (0.0%),14,1 (0.0%),52,1 (0.0%),-96,1 (0.0%),45,1 (0.0%),64,1 (0.0%),10,1 (0.0%),55,1 (0.0%),51,1 (0.0%),74,1 (0.0%),34,1 (0.0%),-54,1 (0.0%),61,1 (0.0%),71,1 (0.0%),-121,1 (0.0%),-79,1 (0.0%),5,1 (0.0%),-91,1 (0.0%),36,1 (0.0%),-69,1 (0.0%),-81,1 (0.0%),-65,1 (0.0%),-107,1 (0.0%),-73,1 (0.0%),20,1 (0.0%),-100,1 (0.0%),23,1 (0.0%),-31,1 (0.0%),72,1 (0.0%),-38,1 (0.0%),-74,1 (0.0%),-25,1 (0.0%),NA,,NA,,NA,,NA,,NA,,NA,,NA,,NA,,NA,,NA,,NA,,NA,,NA,,NA,,NA,,NA,,NA,,NA,,NA,,NA,,NA,,NA,,NA,,NA,,NA,,NA,,NA,,NA,,NA,,NA,,NA,,NA,,NA,,NA,,NA,,NA,,NA,,NA,,NA,,NA,,NA,,NA,,NA,,NA,,NA,,NA,,NA,,NA,,NA,,NA,,NA,,NA,,NA,,NA,,NA,,NA,,NA,,NA,,NA,,NA,,NA,,NA,,NA,,NA,,NA,,NA,,NA,,NA,,NA,,NA,,NA,,NA,,NA,,NA,,NA,,NA,,NA,,NA,,NA,,NA,,NA,,NA,,NA,,NA,,NA,,NA,,NA,,NA,,NA,,NA,,NA,,NA,,NA,,NA,,NA,,NA,,NA,,NA,,NA,,NA,,NA,,NA,,NA,,NA,,NA,,1.02,2210 (1.1),2.6,38.0,59.4,90.20,1.15
Miller-Plate72-B11,,1802,1647 (91.40%),9 (0.50%),98.6%,-1,441 (24.5%),-3,273 (15.1%),-9,223 (12.4%),-2,146 (8.1%),1,99 (5.5%),-4,97 (5.4%),-18,66 (3.7%),-12,37 (2.1%),-5,33 (1.8%),-6,30 (1.7%),-10,30 (1.7%),-8,30 (1.7%),-14,26 (1.4%),0,25 (1.4%),-11,20 (1.1%),-27,20 (1.1%),-15,19 (1.1%),-13,17 (0.9%),-21,12 (0.7%),2,10 (0.6%),-28,9 (0.5%),-7,9 (0.5%),3,8 (0.4%),-39,7 (0.4%),-16,7 (0.4%),-24,7 (0.4%),-51,5 (0.3%),-45,4 (0.2%),-17,4 (0.2%),-43,4 (0.2%),-31,3 (0.2%),-33,3 (0.2%),-26,3 (0.2%),-19,3 (0.2%),67,3 (0.2%),69,3 (0.2%),-22,2 (0.1%),-36,2 (0.1%),-23,2 (0.1%),-66,2 (0.1%),54,2 (0.1%),71,2 (0.1%),-67,2 (0.1%),-29,2 (0.1%),-97,2 (0.1%),-53,2 (0.1%),-20,2 (0.1%),41,2 (0.1%),65,2 (0.1%),33,2 (0.1%),68,2 (0.1%),47,1 (0.1%),-50,1 (0.1%),-47,1 (0.1%),9,1 (0.1%),-72,1 (0.1%),53,1 (0.1%),60,1 (0.1%),14,1 (0.1%),-35,1 (0.1%),51,1 (0.1%),-172,1 (0.1%),-44,1 (0.1%),30,1 (0.1%),48,1 (0.1%),70,1 (0.1%),-42,1 (0.1%),-81,1 (0.1%),27,1 (0.1%),87,1 (0.1%),45,1 (0.1%),56,1 (0.1%),-102,1 (0.1%),-34,1 (0.1%),-41,1 (0.1%),8,1 (0.1%),5,1 (0.1%),44,1 (0.1%),59,1 (0.1%),40,1 (0.1%),13,1 (0.1%),-71,1 (0.1%),-49,1 (0.1%),49,1 (0.1%),-65,1 (0.1%),-38,1 (0.1%),-25,1 (0.1%),NA,,NA,,NA,,NA,,NA,,NA,,NA,,NA,,NA,,NA,,NA,,NA,,NA,,NA,,NA,,NA,,NA,,NA,,NA,,NA,,NA,,NA,,NA,,NA,,NA,,NA,,NA,,NA,,NA,,NA,,NA,,NA,,NA,,NA,,NA,,NA,,NA,,NA,,NA,,NA,,NA,,NA,,NA,,NA,,NA,,NA,,NA,,NA,,NA,,NA,,NA,,NA,,NA,,NA,,NA,,NA,,NA,,NA,,NA,,NA,,NA,,NA,,NA,,NA,,NA,,NA,,NA,,NA,,NA,,NA,,NA,,NA,,NA,,NA,,NA,,NA,,NA,,NA,,NA,,NA,,NA,,NA,,NA,,NA,,NA,,NA,,NA,,NA,,NA,,NA,,NA,,NA,,NA,,NA,,NA,,NA,,NA,,NA,,NA,,NA,,NA,,NA,,NA,,NA,,NA,,NA,,NA,,NA,,NA,,NA,,NA,,NA,,NA,,1.00,1777 (1.1),1.4,40.9,57.7,91.40,0.50
Miller-Plate72-B12,,2351,2135 (90.81%),30 (1.28%),97.3%,-1,556 (23.6%),-3,346 (14.7%),-9,231 (9.8%),1,179 (7.6%),-2,168 (7.1%),-4,119 (5.1%),-18,96 (4.1%),0,64 (2.7%),-12,60 (2.6%),-5,56 (2.4%),-27,40 (1.7%),-10,38 (1.6%),-6,37 (1.6%),-8,36 (1.5%),-11,33 (1.4%),-15,27 (1.1%),-14,26 (1.1%),-21,16 (0.7%),-13,13 (0.6%),-7,13 (0.6%),-19,13 (0.6%),-26,10 (0.4%),-16,10 (0.4%),-28,10 (0.4%),-17,8 (0.3%),-22,8 (0.3%),-51,7 (0.3%),2,7 (0.3%),-23,7 (0.3%),-45,5 (0.2%),-24,5 (0.2%),-30,5 (0.2%),-39,4 (0.2%),-43,4 (0.2%),-29,4 (0.2%),68,4 (0.2%),6,3 (0.1%),-37,3 (0.1%),-41,3 (0.1%),63,3 (0.1%),-35,3 (0.1%),3,2 (0.1%),-20,2 (0.1%),46,2 (0.1%),-57,2 (0.1%),-25,2 (0.1%),-72,2 (0.1%),66,2 (0.1%),-56,2 (0.1%),-32,2 (0.1%),72,2 (0.1%),-114,2 (0.1%),70,2 (0.1%),5,2 (0.1%),64,2 (0.1%),-49,2 (0.1%),57,2 (0.1%),52,2 (0.1%),-34,2 (0.1%),59,2 (0.1%),8,2 (0.1%),-44,1 (0.0%),-144,1 (0.0%),-53,1 (0.0%),-33,1 (0.0%),-111,1 (0.0%),-36,1 (0.0%),-139,1 (0.0%),-63,1 (0.0%),-38,1 (0.0%),36,1 (0.0%),-93,1 (0.0%),-58,1 (0.0%),67,1 (0.0%),33,1 (0.0%),-48,1 (0.0%),-81,1 (0.0%),-40,1 (0.0%),50,1 (0.0%),-82,1 (0.0%),75,1 (0.0%),-42,1 (0.0%),51,1 (0.0%),-62,1 (0.0%),-99,1 (0.0%),-69,1 (0.0%),-50,1 (0.0%),-89,1 (0.0%),25,1 (0.0%),-105,1 (0.0%),-91,1 (0.0%),-59,1 (0.0%),NA,,NA,,NA,,NA,,NA,,NA,,NA,,NA,,NA,,NA,,NA,,NA,,NA,,NA,,NA,,NA,,NA,,NA,,NA,,NA,,NA,,NA,,NA,,NA,,NA,,NA,,NA,,NA,,NA,,NA,,NA,,NA,,NA,,NA,,NA,,NA,,NA,,NA,,NA,,NA,,NA,,NA,,NA,,NA,,NA,,NA,,NA,,NA,,NA,,NA,,NA,,NA,,NA,,NA,,NA,,NA,,NA,,NA,,NA,,NA,,NA,,NA,,NA,,NA,,NA,,NA,,NA,,NA,,NA,,NA,,NA,,NA,,NA,,NA,,NA,,NA,,NA,,NA,,NA,,NA,,NA,,NA,,NA,,NA,,NA,,NA,,NA,,NA,,NA,,NA,,NA,,NA,,NA,,NA,,NA,,NA,,NA,,NA,,NA,,NA,,NA,,NA,,NA,,NA,,NA,,NA,,NA,,NA,,1.03,2311 (1.1),2.7,38.9,58.4,90.81,1.28
Miller-Plate72-C09,,2491,2307 (92.61%),2321 (93.18%),4.1%,0,2388 (95.9%),-1,87 (3.5%),-2,5 (0.2%),-3,5 (0.2%),1,5 (0.2%),3,1 (0.0%),NA,,NA,,NA,,NA,,NA,,NA,,NA,,NA,,NA,,NA,,NA,,NA,,NA,,NA,,NA,,NA,,NA,,NA,,NA,,NA,,NA,,NA,,NA,,NA,,NA,,NA,,NA,,NA,,NA,,NA,,NA,,NA,,NA,,NA,,NA,,NA,,NA,,NA,,NA,,NA,,NA,,NA,,NA,,NA,,NA,,NA,,NA,,NA,,NA,,NA,,NA,,NA,,NA,,NA,,NA,,NA,,NA,,NA,,NA,,NA,,NA,,NA,,NA,,NA,,NA,,NA,,NA,,NA,,NA,,NA,,NA,,NA,,NA,,NA,,NA,,NA,,NA,,NA,,NA,,NA,,NA,,NA,,NA,,NA,,NA,,NA,,NA,,NA,,NA,,NA,,NA,,NA,,NA,,NA,,NA,,NA,,NA,,NA,,NA,,NA,,NA,,NA,,NA,,NA,,NA,,NA,,NA,,NA,,NA,,NA,,NA,,NA,,NA,,NA,,NA,,NA,,NA,,NA,,NA,,NA,,NA,,NA,,NA,,NA,,NA,,NA,,NA,,NA,,NA,,NA,,NA,,NA,,NA,,NA,,NA,,NA,,NA,,NA,,NA,,NA,,NA,,NA,,NA,,NA,,NA,,NA,,NA,,NA,,NA,,NA,,NA,,NA,,NA,,NA,,NA,,NA,,NA,,NA,,NA,,NA,,NA,,NA,,NA,,NA,,NA,,NA,,NA,,NA,,NA,,NA,,NA,,NA,,NA,,NA,,NA,,NA,,NA,,NA,,NA,,NA,,NA,,NA,,NA,,NA,,NA,,NA,,NA,,NA,,NA,,NA,,NA,,NA,,NA,,NA,,1.00,2514 (1.1),95.9,0.2,3.9,92.61,93.18
Miller-Plate72-C10,,2601,2369 (91.08%),46 (1.77%),96.6%,-1,542 (20.8%),-3,455 (17.5%),-9,313 (12.0%),-2,209 (8.0%),1,126 (4.8%),-4,116 (4.5%),-18,112 (4.3%),0,89 (3.4%),-12,68 (2.6%),-10,53 (2.0%),-27,47 (1.8%),-6,46 (1.8%),-5,43 (1.7%),-8,39 (1.5%),-11,29 (1.1%),-15,27 (1.0%),-13,20 (0.8%),3,16 (0.6%),2,16 (0.6%),-19,15 (0.6%),-28,12 (0.5%),-17,12 (0.5%),-14,11 (0.4%),-7,9 (0.3%),-21,9 (0.3%),-41,8 (0.3%),-33,7 (0.3%),-26,7 (0.3%),-72,7 (0.3%),-25,6 (0.2%),-16,6 (0.2%),-20,5 (0.2%),-44,5 (0.2%),-24,4 (0.2%),-30,4 (0.2%),-43,4 (0.2%),-99,4 (0.2%),-23,4 (0.2%),69,4 (0.2%),67,4 (0.2%),-51,4 (0.2%),70,3 (0.1%),-36,3 (0.1%),-42,3 (0.1%),-45,3 (0.1%),-35,3 (0.1%),72,3 (0.1%),66,3 (0.1%),-31,3 (0.1%),-37,2 (0.1%),-22,2 (0.1%),15,2 (0.1%),61,2 (0.1%),-29,2 (0.1%),65,2 (0.1%),-39,2 (0.1%),54,2 (0.1%),-60,2 (0.1%),-143,2 (0.1%),48,1 (0.0%),-87,1 (0.0%),-91,1 (0.0%),-105,1 (0.0%),71,1 (0.0%),7,1 (0.0%),-53,1 (0.0%),28,1 (0.0%),-102,1 (0.0%),-84,1 (0.0%),-109,1 (0.0%),59,1 (0.0%),-75,1 (0.0%),-82,1 (0.0%),73,1 (0.0%),37,1 (0.0%),58,1 (0.0%),-58,1 (0.0%),-101,1 (0.0%),81,1 (0.0%),43,1 (0.0%),74,1 (0.0%),9,1 (0.0%),68,1 (0.0%),-40,1 (0.0%),6,1 (0.0%),75,1 (0.0%),-59,1 (0.0%),25,1 (0.0%),-57,1 (0.0%),11,1 (0.0%),-93,1 (0.0%),60,1 (0.0%),-104,1 (0.0%),52,1 (0.0%),-54,1 (0.0%),-55,1 (0.0%),57,1 (0.0%),12,1 (0.0%),24,1 (0.0%),NA,,NA,,NA,,NA,,NA,,NA,,NA,,NA,,NA,,NA,,NA,,NA,,NA,,NA,,NA,,NA,,NA,,NA,,NA,,NA,,NA,,NA,,NA,,NA,,NA,,NA,,NA,,NA,,NA,,NA,,NA,,NA,,NA,,NA,,NA,,NA,,NA,,NA,,NA,,NA,,NA,,NA,,NA,,NA,,NA,,NA,,NA,,NA,,NA,,NA,,NA,,NA,,NA,,NA,,NA,,NA,,NA,,NA,,NA,,NA,,NA,,NA,,NA,,NA,,NA,,NA,,NA,,NA,,NA,,NA,,NA,,NA,,NA,,NA,,NA,,NA,,NA,,NA,,NA,,NA,,NA,,NA,,NA,,NA,,NA,,NA,,NA,,NA,,NA,,NA,,NA,,NA,,NA,,NA,,NA,,NA,,NA,,NA,,NA,,NA,,NA,,1.02,2575 (1.1),3.4,44.9,51.7,91.08,1.77
Miller-Plate72-C11,,2197,1978 (90.03%),9 (0.41%),98.4%,-1,481 (21.9%),-3,380 (17.3%),-9,264 (12.0%),-2,160 (7.3%),1,136 (6.2%),-4,98 (4.5%),-18,83 (3.8%),-12,54 (2.5%),-6,43 (2.0%),-8,42 (1.9%),-10,40 (1.8%),-27,39 (1.8%),0,36 (1.6%),-5,33 (1.5%),-15,29 (1.3%),-11,19 (0.9%),-13,19 (0.9%),-14,18 (0.8%),2,16 (0.7%),-28,15 (0.7%),-19,15 (0.7%),-16,10 (0.5%),-22,10 (0.5%),-21,9 (0.4%),-17,9 (0.4%),-36,8 (0.4%),-35,6 (0.3%),-45,6 (0.3%),-26,6 (0.3%),-25,5 (0.2%),-24,5 (0.2%),-7,5 (0.2%),-33,5 (0.2%),3,4 (0.2%),-23,4 (0.2%),-20,4 (0.2%),-39,4 (0.2%),-29,4 (0.2%),70,3 (0.1%),71,3 (0.1%),8,3 (0.1%),37,3 (0.1%),68,3 (0.1%),-87,3 (0.1%),-60,2 (0.1%),-51,2 (0.1%),-123,2 (0.1%),26,2 (0.1%),-37,2 (0.1%),66,2 (0.1%),-72,2 (0.1%),42,1 (0.0%),63,1 (0.0%),64,1 (0.0%),-90,1 (0.0%),31,1 (0.0%),-30,1 (0.0%),-95,1 (0.0%),-81,1 (0.0%),-67,1 (0.0%),39,1 (0.0%),-34,1 (0.0%),73,1 (0.0%),-42,1 (0.0%),46,1 (0.0%),-76,1 (0.0%),58,1 (0.0%),-32,1 (0.0%),5,1 (0.0%),-126,1 (0.0%),67,1 (0.0%),69,1 (0.0%),45,1 (0.0%),57,1 (0.0%),72,1 (0.0%),40,1 (0.0%),38,1 (0.0%),-53,1 (0.0%),-61,1 (0.0%),-41,1 (0.0%),24,1 (0.0%),28,1 (0.0%),9,1 (0.0%),6,1 (0.0%),-91,1 (0.0%),-48,1 (0.0%),34,1 (0.0%),108,1 (0.0%),-46,1 (0.0%),-71,1 (0.0%),4,1 (0.0%),65,1 (0.0%),NA,,NA,,NA,,NA,,NA,,NA,,NA,,NA,,NA,,NA,,NA,,NA,,NA,,NA,,NA,,NA,,NA,,NA,,NA,,NA,,NA,,NA,,NA,,NA,,NA,,NA,,NA,,NA,,NA,,NA,,NA,,NA,,NA,,NA,,NA,,NA,,NA,,NA,,NA,,NA,,NA,,NA,,NA,,NA,,NA,,NA,,NA,,NA,,NA,,NA,,NA,,NA,,NA,,NA,,NA,,NA,,NA,,NA,,NA,,NA,,NA,,NA,,NA,,NA,,NA,,NA,,NA,,NA,,NA,,NA,,NA,,NA,,NA,,NA,,NA,,NA,,NA,,NA,,NA,,NA,,NA,,NA,,NA,,NA,,NA,,NA,,NA,,NA,,NA,,NA,,NA,,NA,,NA,,NA,,NA,,NA,,NA,,NA,,NA,,NA,,NA,,NA,,NA,,NA,,NA,,NA,,NA,,NA,,1.03,2165 (1.1),1.6,43.8,54.5,90.03,0.41
Miller-Plate72-C12,,2093,1903 (90.92%),23 (1.10%),97.4%,-1,460 (22.0%),-3,350 (16.7%),-9,252 (12.0%),-2,152 (7.3%),-18,113 (5.4%),-4,104 (5.0%),1,103 (4.9%),0,54 (2.6%),-12,51 (2.4%),-6,44 (2.1%),-27,35 (1.7%),-8,34 (1.6%),-15,34 (1.6%),-5,29 (1.4%),-11,27 (1.3%),-10,26 (1.2%),-17,16 (0.8%),-14,14 (0.7%),-7,11 (0.5%),-21,11 (0.5%),-19,10 (0.5%),-13,10 (0.5%),-16,9 (0.4%),2,8 (0.4%),-26,7 (0.3%),3,7 (0.3%),-28,7 (0.3%),-22,6 (0.3%),-72,5 (0.2%),-36,5 (0.2%),-23,5 (0.2%),-45,4 (0.2%),-39,4 (0.2%),-33,4 (0.2%),-20,4 (0.2%),65,3 (0.1%),-43,3 (0.1%),39,3 (0.1%),-25,3 (0.1%),67,3 (0.1%),72,3 (0.1%),4,2 (0.1%),-41,2 (0.1%),-29,2 (0.1%),6,2 (0.1%),-50,2 (0.1%),-48,2 (0.1%),64,2 (0.1%),-55,2 (0.1%),-44,2 (0.1%),-73,2 (0.1%),-102,2 (0.1%),69,2 (0.1%),-63,2 (0.1%),-46,1 (0.0%),41,1 (0.0%),42,1 (0.0%),-152,1 (0.0%),51,1 (0.0%),63,1 (0.0%),76,1 (0.0%),38,1 (0.0%),-35,1 (0.0%),-62,1 (0.0%),43,1 (0.0%),-59,1 (0.0%),-34,1 (0.0%),48,1 (0.0%),-86,1 (0.0%),-24,1 (0.0%),-68,1 (0.0%),70,1 (0.0%),-53,1 (0.0%),-107,1 (0.0%),40,1 (0.0%),-69,1 (0.0%),-30,1 (0.0%),-75,1 (0.0%),57,1 (0.0%),-42,1 (0.0%),-91,1 (0.0%),61,1 (0.0%),-60,1 (0.0%),-97,1 (0.0%),20,1 (0.0%),-38,1 (0.0%),-99,1 (0.0%),-51,1 (0.0%),NA,,NA,,NA,,NA,,NA,,NA,,NA,,NA,,NA,,NA,,NA,,NA,,NA,,NA,,NA,,NA,,NA,,NA,,NA,,NA,,NA,,NA,,NA,,NA,,NA,,NA,,NA,,NA,,NA,,NA,,NA,,NA,,NA,,NA,,NA,,NA,,NA,,NA,,NA,,NA,,NA,,NA,,NA,,NA,,NA,,NA,,NA,,NA,,NA,,NA,,NA,,NA,,NA,,NA,,NA,,NA,,NA,,NA,,NA,,NA,,NA,,NA,,NA,,NA,,NA,,NA,,NA,,NA,,NA,,NA,,NA,,NA,,NA,,NA,,NA,,NA,,NA,,NA,,NA,,NA,,NA,,NA,,NA,,NA,,NA,,NA,,NA,,NA,,NA,,NA,,NA,,NA,,NA,,NA,,NA,,NA,,NA,,NA,,NA,,NA,,NA,,NA,,NA,,NA,,NA,,NA,,NA,,NA,,NA,,NA,,NA,,NA,,1.01,2068 (1.1),2.6,45.3,52.1,90.92,1.10
Miller-Plate72-D09,,2778,2621 (94.35%),2582 (92.94%),4.5%,0,2652 (95.5%),-1,106 (3.8%),1,9 (0.3%),-3,8 (0.3%),3,1 (0.0%),-9,1 (0.0%),-2,1 (0.0%),NA,,NA,,NA,,NA,,NA,,NA,,NA,,NA,,NA,,NA,,NA,,NA,,NA,,NA,,NA,,NA,,NA,,NA,,NA,,NA,,NA,,NA,,NA,,NA,,NA,,NA,,NA,,NA,,NA,,NA,,NA,,NA,,NA,,NA,,NA,,NA,,NA,,NA,,NA,,NA,,NA,,NA,,NA,,NA,,NA,,NA,,NA,,NA,,NA,,NA,,NA,,NA,,NA,,NA,,NA,,NA,,NA,,NA,,NA,,NA,,NA,,NA,,NA,,NA,,NA,,NA,,NA,,NA,,NA,,NA,,NA,,NA,,NA,,NA,,NA,,NA,,NA,,NA,,NA,,NA,,NA,,NA,,NA,,NA,,NA,,NA,,NA,,NA,,NA,,NA,,NA,,NA,,NA,,NA,,NA,,NA,,NA,,NA,,NA,,NA,,NA,,NA,,NA,,NA,,NA,,NA,,NA,,NA,,NA,,NA,,NA,,NA,,NA,,NA,,NA,,NA,,NA,,NA,,NA,,NA,,NA,,NA,,NA,,NA,,NA,,NA,,NA,,NA,,NA,,NA,,NA,,NA,,NA,,NA,,NA,,NA,,NA,,NA,,NA,,NA,,NA,,NA,,NA,,NA,,NA,,NA,,NA,,NA,,NA,,NA,,NA,,NA,,NA,,NA,,NA,,NA,,NA,,NA,,NA,,NA,,NA,,NA,,NA,,NA,,NA,,NA,,NA,,NA,,NA,,NA,,NA,,NA,,NA,,NA,,NA,,NA,,NA,,NA,,NA,,NA,,NA,,NA,,NA,,NA,,NA,,NA,,NA,,NA,,NA,,NA,,NA,,NA,,NA,,1.00,2853 (1.1),95.5,0.4,4.2,94.35,92.94
Miller-Plate72-D10,,2753,2497 (90.70%),37 (1.34%),97.2%,-1,533 (19.4%),-3,503 (18.3%),-9,359 (13.0%),-2,213 (7.7%),1,133 (4.8%),-18,132 (4.8%),-4,125 (4.5%),0,76 (2.8%),-12,70 (2.5%),-27,66 (2.4%),-6,51 (1.9%),-10,51 (1.9%),-8,43 (1.6%),-5,40 (1.5%),-15,26 (0.9%),-11,25 (0.9%),-13,18 (0.7%),-14,15 (0.5%),-19,15 (0.5%),-21,15 (0.5%),2,14 (0.5%),3,14 (0.5%),-7,12 (0.4%),-26,11 (0.4%),-16,10 (0.4%),-28,9 (0.3%),-36,9 (0.3%),-24,9 (0.3%),-22,9 (0.3%),-30,8 (0.3%),-17,8 (0.3%),-20,7 (0.3%),-35,6 (0.2%),-29,5 (0.2%),-41,5 (0.2%),-23,5 (0.2%),-43,4 (0.1%),-72,4 (0.1%),-51,4 (0.1%),6,4 (0.1%),-39,4 (0.1%),-60,3 (0.1%),-25,3 (0.1%),-42,3 (0.1%),71,3 (0.1%),24,3 (0.1%),-37,3 (0.1%),-54,2 (0.1%),-68,2 (0.1%),-33,2 (0.1%),67,2 (0.1%),-53,2 (0.1%),63,2 (0.1%),42,2 (0.1%),-48,2 (0.1%),-49,2 (0.1%),64,2 (0.1%),23,1 (0.0%),-101,1 (0.0%),37,1 (0.0%),-81,1 (0.0%),-46,1 (0.0%),43,1 (0.0%),12,1 (0.0%),69,1 (0.0%),-44,1 (0.0%),40,1 (0.0%),-91,1 (0.0%),73,1 (0.0%),68,1 (0.0%),28,1 (0.0%),-85,1 (0.0%),58,1 (0.0%),-84,1 (0.0%),15,1 (0.0%),41,1 (0.0%),65,1 (0.0%),56,1 (0.0%),-105,1 (0.0%),21,1 (0.0%),-73,1 (0.0%),-47,1 (0.0%),-140,1 (0.0%),-58,1 (0.0%),-63,1 (0.0%),-87,1 (0.0%),27,1 (0.0%),-40,1 (0.0%),38,1 (0.0%),76,1 (0.0%),-59,1 (0.0%),33,1 (0.0%),98,1 (0.0%),36,1 (0.0%),-45,1 (0.0%),66,1 (0.0%),-50,1 (0.0%),26,1 (0.0%),4,1 (0.0%),62,1 (0.0%),-143,1 (0.0%),60,1 (0.0%),NA,,NA,,NA,,NA,,NA,,NA,,NA,,NA,,NA,,NA,,NA,,NA,,NA,,NA,,NA,,NA,,NA,,NA,,NA,,NA,,NA,,NA,,NA,,NA,,NA,,NA,,NA,,NA,,NA,,NA,,NA,,NA,,NA,,NA,,NA,,NA,,NA,,NA,,NA,,NA,,NA,,NA,,NA,,NA,,NA,,NA,,NA,,NA,,NA,,NA,,NA,,NA,,NA,,NA,,NA,,NA,,NA,,NA,,NA,,NA,,NA,,NA,,NA,,NA,,NA,,NA,,NA,,NA,,NA,,NA,,NA,,NA,,NA,,NA,,NA,,NA,,NA,,NA,,NA,,NA,,NA,,NA,,NA,,NA,,NA,,NA,,NA,,NA,,NA,,NA,,NA,,NA,,NA,,NA,,NA,,NA,,NA,,NA,,1.02,2672 (1.1),2.8,47.7,49.6,90.70,1.34
Miller-Plate72-D11,,2281,2063 (90.44%),12 (0.53%),97.8%,-1,484 (21.2%),-3,382 (16.7%),-9,296 (13.0%),-2,191 (8.4%),1,137 (6.0%),-4,92 (4.0%),-18,90 (3.9%),-12,62 (2.7%),0,50 (2.2%),-10,44 (1.9%),-27,41 (1.8%),-8,37 (1.6%),-6,35 (1.5%),-5,33 (1.4%),-15,25 (1.1%),-11,19 (0.8%),-7,16 (0.7%),-14,15 (0.7%),-21,13 (0.6%),-13,13 (0.6%),-16,12 (0.5%),-26,12 (0.5%),-17,12 (0.5%),2,10 (0.4%),-28,10 (0.4%),-19,10 (0.4%),-24,9 (0.4%),3,9 (0.4%),-45,7 (0.3%),-51,6 (0.3%),70,6 (0.3%),-20,5 (0.2%),-42,4 (0.2%),-48,4 (0.2%),-34,4 (0.2%),-43,4 (0.2%),-37,4 (0.2%),64,3 (0.1%),-41,3 (0.1%),-33,3 (0.1%),69,2 (0.1%),68,2 (0.1%),-72,2 (0.1%),-30,2 (0.1%),49,2 (0.1%),-60,2 (0.1%),5,2 (0.1%),-57,2 (0.1%),63,2 (0.1%),41,2 (0.1%),-66,2 (0.1%),-35,2 (0.1%),-25,2 (0.1%),-59,2 (0.1%),-36,2 (0.1%),-126,2 (0.1%),-22,2 (0.1%),-50,1 (0.0%),-39,1 (0.0%),-40,1 (0.0%),67,1 (0.0%),31,1 (0.0%),23,1 (0.0%),-49,1 (0.0%),9,1 (0.0%),-99,1 (0.0%),59,1 (0.0%),65,1 (0.0%),24,1 (0.0%),58,1 (0.0%),-31,1 (0.0%),8,1 (0.0%),-74,1 (0.0%),46,1 (0.0%),-73,1 (0.0%),-38,1 (0.0%),-90,1 (0.0%),78,1 (0.0%),18,1 (0.0%),35,1 (0.0%),62,1 (0.0%),14,1 (0.0%),117,1 (0.0%),36,1 (0.0%),102,1 (0.0%),52,1 (0.0%),-64,1 (0.0%),6,1 (0.0%),71,1 (0.0%),61,1 (0.0%),-91,1 (0.0%),-71,1 (0.0%),NA,,NA,,NA,,NA,,NA,,NA,,NA,,NA,,NA,,NA,,NA,,NA,,NA,,NA,,NA,,NA,,NA,,NA,,NA,,NA,,NA,,NA,,NA,,NA,,NA,,NA,,NA,,NA,,NA,,NA,,NA,,NA,,NA,,NA,,NA,,NA,,NA,,NA,,NA,,NA,,NA,,NA,,NA,,NA,,NA,,NA,,NA,,NA,,NA,,NA,,NA,,NA,,NA,,NA,,NA,,NA,,NA,,NA,,NA,,NA,,NA,,NA,,NA,,NA,,NA,,NA,,NA,,NA,,NA,,NA,,NA,,NA,,NA,,NA,,NA,,NA,,NA,,NA,,NA,,NA,,NA,,NA,,NA,,NA,,NA,,NA,,NA,,NA,,NA,,NA,,NA,,NA,,NA,,NA,,NA,,NA,,NA,,NA,,NA,,NA,,NA,,NA,,NA,,NA,,NA,,NA,,NA,,NA,,1.02,2253 (1.1),2.2,44.5,53.3,90.44,0.53
Miller-Plate72-D12,,2367,2178 (92.02%),51 (2.15%),96.7%,-1,442 (18.7%),-3,419 (17.7%),-9,309 (13.1%),-2,178 (7.5%),1,137 (5.8%),-4,113 (4.8%),-18,111 (4.7%),0,77 (3.3%),-12,73 (3.1%),-6,52 (2.2%),-27,45 (1.9%),-8,37 (1.6%),-10,35 (1.5%),-5,30 (1.3%),-15,29 (1.2%),-11,18 (0.8%),-13,16 (0.7%),-28,16 (0.7%),-21,15 (0.6%),2,13 (0.5%),-19,13 (0.5%),3,12 (0.5%),-7,11 (0.5%),-14,11 (0.5%),-24,9 (0.4%),-26,8 (0.3%),-45,7 (0.3%),-36,7 (0.3%),-25,7 (0.3%),-17,6 (0.3%),-22,5 (0.2%),65,4 (0.2%),-41,4 (0.2%),-20,4 (0.2%),-51,4 (0.2%),63,3 (0.1%),74,3 (0.1%),-30,3 (0.1%),-60,3 (0.1%),-39,3 (0.1%),-16,3 (0.1%),64,3 (0.1%),-29,3 (0.1%),-74,3 (0.1%),70,3 (0.1%),-72,2 (0.1%),69,2 (0.1%),-58,2 (0.1%),-49,2 (0.1%),-43,2 (0.1%),-23,2 (0.1%),-47,2 (0.1%),56,2 (0.1%),-99,2 (0.1%),-82,1 (0.0%),67,1 (0.0%),50,1 (0.0%),-33,1 (0.0%),-109,1 (0.0%),-78,1 (0.0%),33,1 (0.0%),-62,1 (0.0%),-97,1 (0.0%),-40,1 (0.0%),-64,1 (0.0%),72,1 (0.0%),-50,1 (0.0%),88,1 (0.0%),35,1 (0.0%),25,1 (0.0%),-81,1 (0.0%),-77,1 (0.0%),-34,1 (0.0%),-65,1 (0.0%),32,1 (0.0%),-145,1 (0.0%),-56,1 (0.0%),23,1 (0.0%),24,1 (0.0%),-61,1 (0.0%),36,1 (0.0%),-98,1 (0.0%),-48,1 (0.0%),38,1 (0.0%),12,1 (0.0%),-86,1 (0.0%),-84,1 (0.0%),27,1 (0.0%),59,1 (0.0%),-35,1 (0.0%),-37,1 (0.0%),6,1 (0.0%),17,1 (0.0%),-52,1 (0.0%),37,1 (0.0%),81,1 (0.0%),NA,,NA,,NA,,NA,,NA,,NA,,NA,,NA,,NA,,NA,,NA,,NA,,NA,,NA,,NA,,NA,,NA,,NA,,NA,,NA,,NA,,NA,,NA,,NA,,NA,,NA,,NA,,NA,,NA,,NA,,NA,,NA,,NA,,NA,,NA,,NA,,NA,,NA,,NA,,NA,,NA,,NA,,NA,,NA,,NA,,NA,,NA,,NA,,NA,,NA,,NA,,NA,,NA,,NA,,NA,,NA,,NA,,NA,,NA,,NA,,NA,,NA,,NA,,NA,,NA,,NA,,NA,,NA,,NA,,NA,,NA,,NA,,NA,,NA,,NA,,NA,,NA,,NA,,NA,,NA,,NA,,NA,,NA,,NA,,NA,,NA,,NA,,NA,,NA,,NA,,NA,,NA,,NA,,NA,,NA,,NA,,NA,,NA,,NA,,NA,,NA,,NA,,NA,,NA,,1.02,2376 (1.1),3.3,47.4,49.3,92.02,2.15
Miller-Plate72-E09,,2609,2436 (93.37%),2444 (93.68%),4.7%,0,2486 (95.3%),-1,100 (3.8%),1,13 (0.5%),-2,5 (0.2%),-3,3 (0.1%),2,1 (0.0%),3,1 (0.0%),NA,,NA,,NA,,NA,,NA,,NA,,NA,,NA,,NA,,NA,,NA,,NA,,NA,,NA,,NA,,NA,,NA,,NA,,NA,,NA,,NA,,NA,,NA,,NA,,NA,,NA,,NA,,NA,,NA,,NA,,NA,,NA,,NA,,NA,,NA,,NA,,NA,,NA,,NA,,NA,,NA,,NA,,NA,,NA,,NA,,NA,,NA,,NA,,NA,,NA,,NA,,NA,,NA,,NA,,NA,,NA,,NA,,NA,,NA,,NA,,NA,,NA,,NA,,NA,,NA,,NA,,NA,,NA,,NA,,NA,,NA,,NA,,NA,,NA,,NA,,NA,,NA,,NA,,NA,,NA,,NA,,NA,,NA,,NA,,NA,,NA,,NA,,NA,,NA,,NA,,NA,,NA,,NA,,NA,,NA,,NA,,NA,,NA,,NA,,NA,,NA,,NA,,NA,,NA,,NA,,NA,,NA,,NA,,NA,,NA,,NA,,NA,,NA,,NA,,NA,,NA,,NA,,NA,,NA,,NA,,NA,,NA,,NA,,NA,,NA,,NA,,NA,,NA,,NA,,NA,,NA,,NA,,NA,,NA,,NA,,NA,,NA,,NA,,NA,,NA,,NA,,NA,,NA,,NA,,NA,,NA,,NA,,NA,,NA,,NA,,NA,,NA,,NA,,NA,,NA,,NA,,NA,,NA,,NA,,NA,,NA,,NA,,NA,,NA,,NA,,NA,,NA,,NA,,NA,,NA,,NA,,NA,,NA,,NA,,NA,,NA,,NA,,NA,,NA,,NA,,NA,,NA,,NA,,NA,,NA,,NA,,NA,,NA,,NA,,NA,,NA,,NA,,NA,,1.01,2667 (1.1),95.3,0.2,4.6,93.37,93.68
Miller-Plate72-E10,,2367,2162 (91.34%),60 (2.53%),95.9%,-1,464 (19.6%),-3,419 (17.7%),-9,321 (13.6%),-2,169 (7.1%),-18,127 (5.4%),1,113 (4.8%),-4,104 (4.4%),0,97 (4.1%),-12,56 (2.4%),-8,51 (2.2%),-5,47 (2.0%),-6,43 (1.8%),-27,40 (1.7%),-10,31 (1.3%),-11,26 (1.1%),-15,23 (1.0%),2,15 (0.6%),-13,15 (0.6%),3,14 (0.6%),-14,13 (0.5%),-7,12 (0.5%),-19,12 (0.5%),-26,10 (0.4%),-21,9 (0.4%),-28,9 (0.4%),-22,8 (0.3%),-24,6 (0.3%),-17,6 (0.3%),-33,6 (0.3%),-20,5 (0.2%),-114,5 (0.2%),-16,5 (0.2%),-51,5 (0.2%),67,4 (0.2%),70,4 (0.2%),-65,3 (0.1%),-52,3 (0.1%),-30,3 (0.1%),-57,2 (0.1%),-42,2 (0.1%),-41,2 (0.1%),-49,2 (0.1%),61,2 (0.1%),-55,2 (0.1%),63,2 (0.1%),-38,2 (0.1%),-29,2 (0.1%),69,2 (0.1%),73,2 (0.1%),66,2 (0.1%),33,1 (0.0%),-58,1 (0.0%),-97,1 (0.0%),-23,1 (0.0%),-100,1 (0.0%),26,1 (0.0%),-53,1 (0.0%),-99,1 (0.0%),74,1 (0.0%),-73,1 (0.0%),-37,1 (0.0%),-72,1 (0.0%),47,1 (0.0%),31,1 (0.0%),-36,1 (0.0%),52,1 (0.0%),71,1 (0.0%),72,1 (0.0%),65,1 (0.0%),21,1 (0.0%),54,1 (0.0%),48,1 (0.0%),-75,1 (0.0%),7,1 (0.0%),8,1 (0.0%),9,1 (0.0%),-143,1 (0.0%),-40,1 (0.0%),50,1 (0.0%),29,1 (0.0%),-56,1 (0.0%),-60,1 (0.0%),-31,1 (0.0%),-50,1 (0.0%),-32,1 (0.0%),-92,1 (0.0%),55,1 (0.0%),-43,1 (0.0%),-25,1 (0.0%),42,1 (0.0%),NA,,NA,,NA,,NA,,NA,,NA,,NA,,NA,,NA,,NA,,NA,,NA,,NA,,NA,,NA,,NA,,NA,,NA,,NA,,NA,,NA,,NA,,NA,,NA,,NA,,NA,,NA,,NA,,NA,,NA,,NA,,NA,,NA,,NA,,NA,,NA,,NA,,NA,,NA,,NA,,NA,,NA,,NA,,NA,,NA,,NA,,NA,,NA,,NA,,NA,,NA,,NA,,NA,,NA,,NA,,NA,,NA,,NA,,NA,,NA,,NA,,NA,,NA,,NA,,NA,,NA,,NA,,NA,,NA,,NA,,NA,,NA,,NA,,NA,,NA,,NA,,NA,,NA,,NA,,NA,,NA,,NA,,NA,,NA,,NA,,NA,,NA,,NA,,NA,,NA,,NA,,NA,,NA,,NA,,NA,,NA,,NA,,NA,,NA,,NA,,NA,,NA,,NA,,NA,,NA,,NA,,NA,,NA,,NA,,NA,,1.01,2330 (1.1),4.1,46.4,49.5,91.34,2.53
Miller-Plate72-E11,,2853,2616 (91.69%),25 (0.88%),97.8%,-1,565 (19.8%),-3,482 (16.9%),-9,402 (14.1%),-2,215 (7.5%),1,160 (5.6%),-18,121 (4.2%),-4,121 (4.2%),-12,79 (2.8%),0,63 (2.2%),-6,53 (1.9%),-5,51 (1.8%),-8,50 (1.8%),-27,47 (1.6%),-10,40 (1.4%),-15,28 (1.0%),-14,24 (0.8%),-11,22 (0.8%),-13,21 (0.7%),-19,19 (0.7%),-21,17 (0.6%),2,16 (0.6%),-7,14 (0.5%),-16,13 (0.5%),3,12 (0.4%),-28,12 (0.4%),-17,10 (0.4%),-24,8 (0.3%),-26,8 (0.3%),-35,8 (0.3%),-20,7 (0.2%),72,6 (0.2%),-33,5 (0.2%),-25,5 (0.2%),69,5 (0.2%),-36,5 (0.2%),-66,5 (0.2%),71,5 (0.2%),-23,5 (0.2%),62,4 (0.1%),-42,4 (0.1%),68,4 (0.1%),-39,4 (0.1%),-41,4 (0.1%),-72,4 (0.1%),-29,4 (0.1%),-30,4 (0.1%),-22,4 (0.1%),-51,4 (0.1%),-45,4 (0.1%),66,3 (0.1%),-53,3 (0.1%),-37,3 (0.1%),-91,3 (0.1%),67,3 (0.1%),59,2 (0.1%),6,2 (0.1%),70,2 (0.1%),-61,2 (0.1%),60,2 (0.1%),4,2 (0.1%),57,2 (0.1%),-78,2 (0.1%),54,2 (0.1%),-50,2 (0.1%),-84,2 (0.1%),-34,2 (0.1%),-83,1 (0.0%),14,1 (0.0%),-58,1 (0.0%),-73,1 (0.0%),55,1 (0.0%),-44,1 (0.0%),61,1 (0.0%),-76,1 (0.0%),120,1 (0.0%),-79,1 (0.0%),-75,1 (0.0%),-60,1 (0.0%),-126,1 (0.0%),34,1 (0.0%),64,1 (0.0%),37,1 (0.0%),44,1 (0.0%),-87,1 (0.0%),-67,1 (0.0%),73,1 (0.0%),-38,1 (0.0%),78,1 (0.0%),-96,1 (0.0%),-74,1 (0.0%),-102,1 (0.0%),-69,1 (0.0%),29,1 (0.0%),-32,1 (0.0%),-103,1 (0.0%),-99,1 (0.0%),63,1 (0.0%),-59,1 (0.0%),8,1 (0.0%),25,1 (0.0%),5,1 (0.0%),-89,1 (0.0%),56,1 (0.0%),104,1 (0.0%),36,1 (0.0%),75,1 (0.0%),-31,1 (0.0%),NA,,NA,,NA,,NA,,NA,,NA,,NA,,NA,,NA,,NA,,NA,,NA,,NA,,NA,,NA,,NA,,NA,,NA,,NA,,NA,,NA,,NA,,NA,,NA,,NA,,NA,,NA,,NA,,NA,,NA,,NA,,NA,,NA,,NA,,NA,,NA,,NA,,NA,,NA,,NA,,NA,,NA,,NA,,NA,,NA,,NA,,NA,,NA,,NA,,NA,,NA,,NA,,NA,,NA,,NA,,NA,,NA,,NA,,NA,,NA,,NA,,NA,,NA,,NA,,NA,,NA,,NA,,NA,,NA,,NA,,NA,,NA,,NA,,NA,,NA,,NA,,NA,,NA,,NA,,NA,,NA,,NA,,NA,,NA,,NA,,NA,,NA,,NA,,NA,,NA,,NA,,NA,,NA,,1.02,2835 (1.1),2.2,46.5,51.3,91.69,0.88
Miller-Plate72-E12,,92,82 (89.13%),0 (0.00%),97.8%,-1,21 (22.8%),-3,15 (16.3%),-9,11 (12.0%),-4,9 (9.8%),-2,7 (7.6%),-18,6 (6.5%),-12,3 (3.3%),1,3 (3.3%),-21,2 (2.2%),0,2 (2.2%),-6,2 (2.2%),-27,2 (2.2%),-10,2 (2.2%),40,1 (1.1%),-22,1 (1.1%),-73,1 (1.1%),-88,1 (1.1%),-19,1 (1.1%),-15,1 (1.1%),-13,1 (1.1%),NA,,NA,,NA,,NA,,NA,,NA,,NA,,NA,,NA,,NA,,NA,,NA,,NA,,NA,,NA,,NA,,NA,,NA,,NA,,NA,,NA,,NA,,NA,,NA,,NA,,NA,,NA,,NA,,NA,,NA,,NA,,NA,,NA,,NA,,NA,,NA,,NA,,NA,,NA,,NA,,NA,,NA,,NA,,NA,,NA,,NA,,NA,,NA,,NA,,NA,,NA,,NA,,NA,,NA,,NA,,NA,,NA,,NA,,NA,,NA,,NA,,NA,,NA,,NA,,NA,,NA,,NA,,NA,,NA,,NA,,NA,,NA,,NA,,NA,,NA,,NA,,NA,,NA,,NA,,NA,,NA,,NA,,NA,,NA,,NA,,NA,,NA,,NA,,NA,,NA,,NA,,NA,,NA,,NA,,NA,,NA,,NA,,NA,,NA,,NA,,NA,,NA,,NA,,NA,,NA,,NA,,NA,,NA,,NA,,NA,,NA,,NA,,NA,,NA,,NA,,NA,,NA,,NA,,NA,,NA,,NA,,NA,,NA,,NA,,NA,,NA,,NA,,NA,,NA,,NA,,NA,,NA,,NA,,NA,,NA,,NA,,NA,,NA,,NA,,NA,,NA,,NA,,NA,,NA,,NA,,NA,,NA,,NA,,NA,,NA,,NA,,NA,,NA,,NA,,NA,,NA,,NA,,NA,,NA,,NA,,NA,,NA,,NA,,NA,,NA,,NA,,NA,,NA,,NA,,NA,,NA,,NA,,NA,,NA,,NA,,NA,,NA,,NA,,NA,,NA,,1.02,89 (1.1),2.2,45.7,52.2,89.13,0.00
